id,name,resource_category,resource_type,resource_author,resource_year,resource_url,notes_head,key_arg
652,Lex Fridman Podcast (AI episodes),AI Capabilities,Podcast,Lex Fridman,2024,https://lexfridman.com/podcast/,"A long-form interview podcast hosted by Lex Fridman featuring in-depth conversations with AI researchers, policymakers, and technologists about artificial intelligence and its societal implications.","Long-form interviews with AI leaders including Altman, Zuckerberg, Musk, Hassabis on capabilities and safety."
668,Crisp and Fuzzy Tasks,AI Capabilities,Essay,Dwarkesh Patel,2025,https://www.dwarkeshpatel.com/p/crisp-and-fuzzy,"Essay distinguishing between ''crisp'' tasks (well-defined, easily measurable) and ''fuzzy'' tasks (ambiguous, judgment-dependent) in the context of AI capabilities and automation.","Distinguishes between tasks AI excels at (crisp, well-defined) vs tasks where human judgment remains essential (fuzzy, context-dependent)."
1806,Scaling Laws for Neural Language Models,AI Capabilities,Academic Paper,"Jared Kaplan, Sam McCandlish, Tom Henighan, Tom B. Brown, Benjamin Chess, Rewon Child, Scott Gray, Alec Radford, Jeffrey Wu, Dario Amodei (OpenAI)",2020,https://arxiv.org/abs/2001.08361,"2020 OpenAI paper by Jared Kaplan, Sam McCandlish, and team (many of whom later co-founded Anthropic) that established the empirical scaling-laws framework. A foundational reference for policy debates about compute governance, export controls, and the inevitability/contingency of capability gains. Widely cited alongside the Chinchilla paper (Hoffmann et al. 2022).","Empirically demonstrates that language model performance follows smooth power-law relationships across model size, dataset size, and training compute. Motivated the large-scale investment in ever-larger models (GPT-3 and successors) by showing predictable capability gains from compute scaling."
545,The AI Index Report 2024,AI Governance,Report,Stanford HAI,2024,https://aiindex.stanford.edu,TEST DATA — Most-cited annual report on AI ecosystem trends,"Comprehensive annual benchmarking of AI progress, investment, policy, and public opinion"
546,Why AI Will Save the World,AI Governance,Essay,Marc Andreessen,2023,https://a16z.com/ai-will-save-the-world,"Essay by Marc Andreessen (June 2023) arguing that AI will be a profoundly positive force for humanity, countering doomer narratives with a case for accelerating AI development.",AI risk is overstated by incumbents seeking regulatory moats; AI will generate enormous prosperity
548,Governing AI: A Blueprint for the Future,AI Governance,Report,RAND Corporation,2024,https://rand.org/ai-governance,TEST DATA — Influential policy blueprint cited by Senate AI Working Group,Proposes tiered governance framework based on AI capability levels
550,NIST AI Risk Management Framework,AI Governance,Report,NIST,2023,https://nist.gov/ai-rmf,TEST DATA — De facto standard for AI risk management in US industry,Voluntary framework for managing AI risks throughout the AI lifecycle
594,SB 53 (CA),AI Governance,Report,,2026,,"California Senate Bill 53, an AI safety bill requiring developers of frontier AI models to implement shutdown capabilities and safety protocols for powerful AI systems.",
608,RAISE Act,AI Governance,Report,,2026,,"The New York Responsible AI Safety and Education (RAISE) Act, signed by Governor Hochul in December 2025, requiring frontier AI developers to publish and comply with safety and security governance plans.",
616,A Guide to the AI Tribes,AI Governance,Substack/Newsletter,Michel Justen,2026,,"Essay by Michel Justen (January 2026) mapping the major ideological factions in AI policy debate — their origins, assumptions, alliances, and conflicts over how AI should be developed and governed.",
617,The Left is Missing Out on AI,AI Governance,Substack/Newsletter,Dan Kagan-Kans,2026,,"Essay by Dan Kagan-Kans (February 2026) arguing that the political left has ceded the AI conversation to the right by dismissing AI as overhyped, risking inability to shape one of the most consequential technological shifts in history.",
618,AI 2027 scenario,AI Governance,Report,AI 2027 team,2025,,"Scenario and forecast paper by Daniel Kokotajlo et al. projecting a plausible timeline for transformative AI development through 2027, exploring rapid capability gains and their implications for safety and governance.",
619,AI as Normal Technology,AI Governance,Academic Paper,Narayanan & Kapoor,2025,,Essay by Arvind Narayanan and Sayash Kapoor arguing that AI should be understood as a transformative but ''normal'' technology — like electricity or the internet — rather than as an unprecedented existential force requiring extraordinary governance.,
620,Dignity in a Digital Age,AI Governance,Book,Ro Khanna,2022,,"Book by Rep. Ro Khanna (2022) advocating for policies that bring technology jobs and digital infrastructure to overlooked communities across America, bridging the gap between Silicon Valley and the rest of the country.",
621,The Entrepreneurial State,AI Governance,Book,Mariana Mazzucato,2013,,"Book by Mariana Mazzucato (2013) challenging the myth that innovation comes only from the private sector, arguing that government investment has been the driving force behind transformative technologies including the internet and smartphones.",
622,Power and Progress,AI Governance,Book,Acemoglu & Johnson,2023,,"Book by Daron Acemoglu and Simon Johnson (2023) examining how technological progress has historically benefited elites unless countered by deliberate institutional choices, and arguing for redirecting AI toward broadly shared prosperity.",
623,Recoding America,AI Governance,Book,Jennifer Pahlka,2023,,Book by Jennifer Pahlka (2023) diagnosing why government technology systems fail and outlining how modernizing digital infrastructure is essential for effective public services and democratic accountability.,
624,Governing the Commons,AI Governance,Book,Elinor Ostrom,1990,,Seminal book by Elinor Ostrom (1990) demonstrating that communities can successfully manage shared resources through self-governance without requiring privatization or top-down state control.,
626,Techno-Optimist Manifesto,AI Governance,Substack/Newsletter,Marc Andreessen,2023,,"Marc Andreessen''s manifesto (October 2023) published on the a16z website, making an expansive case for technological optimism and arguing against precautionary regulation of emerging technologies including AI.",
627,The Internet Con,AI Governance,Book,Cory Doctorow,2023,,"Book by Cory Doctorow (2023) arguing that Big Tech companies maintain dominance through lock-in and switching costs, and proposing interoperability mandates as the key to breaking their grip on users and markets.",
628,Chip War,AI Governance,Book,Chris Miller,2022,,Book by Chris Miller (2022) tracing the geopolitical history of the global semiconductor industry and explaining how control over chip manufacturing has become a critical factor in international power dynamics and AI competition.,
629,Secure AI Project bills tracker,AI Governance,Report,Secure AI Project,2026,,"Online tracking tool maintained by the Secure AI Project that monitors and catalogs AI-related legislation at the state and federal level, providing real-time status updates on bills and regulatory proposals.",
630,"Dean Ball ""How I Approach AI Policy""",AI Governance,Substack/Newsletter,Dean Ball,2025,,"Blog post by Dean Ball outlining his analytical framework for evaluating AI policy proposals, emphasizing pragmatic governance approaches that balance innovation with risk mitigation.",
631,Digitalist Papers Vol. 2,AI Governance,Report,Sandy Pentland et al.,2025,,"Volume 2 of The Digitalist Papers, published by the Stanford Digital Economy Lab (December 2025), a collection of 21 essays examining the economic implications of transformative AI, including proposals for universal basic capital and adaptive safety nets.",
632,Alex Bores Congressional AI Framework,AI Governance,Report,,2026,,"Congressional AI policy framework released by New York Assemblyman Alex Bores (February 2026) as part of his campaign for Congress, proposing an eight-point national plan covering kids'' safety, data privacy, deepfakes, workforce impacts, and frontier AI safety testing.",
633,Trump AI Action Plan (Jan 2025),AI Governance,Report,,2025,,"Executive order signed by President Trump in January 2025 establishing the administration''s AI policy direction, emphasizing deregulation and American competitiveness in AI development.",
634,Sacks federal preemption EO (Dec 2025),AI Governance,Report,,2025,,"Executive order orchestrated by AI czar David Sacks (December 2025) asserting federal preemption over state-level AI regulations, aiming to create a unified national approach and prevent a patchwork of state AI laws.",
635,EU AI Act,AI Governance,Report,,2024,,"The European Union''s comprehensive AI regulation framework, entered into force in August 2024, establishing a risk-based classification system for AI applications with tiered requirements ranging from transparency obligations to outright bans on certain uses.",
636,New Consensus AI platform,AI Governance,Report,,2026,,New Consensus is a progressive economic think tank whose AI platform advocates for public investment and democratic governance of artificial intelligence.,
637,Secure AI Project state bill tracker,AI Governance,Report,,2026,,A tracking tool maintained by the Secure AI Project that monitors and catalogs state-level AI legislation across the United States.,
639,Blueprint for an AI Bill of Rights,AI Governance,Report,,2022,,"Published by the White House Office of Science and Technology Policy in October 2022, this non-binding framework outlines five principles to protect the public from harms caused by automated systems.",
640,"SB 1047 (CA, vetoed)",AI Governance,Report,,2024,,"California Senate Bill 1047, authored by Senator Scott Wiener, would have imposed safety requirements on developers of frontier AI models; it was vetoed by Governor Newsom in September 2024.",
641,Colorado AI anti-discrimination law,AI Governance,Report,,2024,,"Colorado SB 24-205, signed into law in 2024, is the first U.S. state law specifically regulating algorithmic discrimination in high-risk AI decision-making systems.",
648,Platformer,AI Governance,Substack/Newsletter,Casey Newton,2024,https://www.platformer.news/,"A technology newsletter by journalist Casey Newton, published on Substack, covering the intersection of social media platforms, technology policy, and the tech industry.","Platformer covers technology policy and corporate accountability, including AI-related developments in content moderation and platform governance."
649,AI Snake Oil,AI Governance,Substack/Newsletter,"Arvind Narayanan, Sayash Kapoor",2024,https://www.aisnakeoil.com/,A book by Princeton researchers Arvind Narayanan and Sayash Kapoor critically examining exaggerated claims about AI capabilities and the harms caused by deploying unreliable AI systems.,"Critical perspective on AI hype, distinguishing genuine capabilities from marketing claims."
650,"Executive Order on Safe, Secure, and Trustworthy AI",AI Governance,Report,White House,2023,https://www.whitehouse.gov/briefing-room/presidential-actions/2023/10/30/executive-order-on-the-safe-secure-and-trustworthy-development-and-use-of-artificial-intelligence/,"The formal title of President Biden''s October 2023 Executive Order (EO 14110) on artificial intelligence, establishing federal standards for AI safety, security, and trustworthiness.","Biden EO establishing safety standards, requiring reporting of large training runs, and directing agency action on AI."
655,The Adolescence of Technology,AI Governance,Essay,Dario Amodei,2025,https://darioamodei.com/technology-adolescence,Dario Amodei''s essay conceptualizing the current era of AI development as a ''technological adolescence'' — a volatile transitional period requiring deliberate governance and safety measures.,AI development is in a critical adolescent phase where we must choose between responsible maturation and reckless acceleration.
657,Trump Attempts to Preempt State AI Regulation Through Executive Order,AI Governance,Report,Ropes & Gray LLP,2025,https://www.ropesgray.com/en/insights/alerts/2025/12/trump-attempts-to-preempt-state-ai-regulation-through-executive-order,A news article reporting on President Trump''s executive order attempting to preempt state-level AI regulations in favor of a unified federal approach to AI governance.,President Trump's executive order preempts state AI regulations by establishing federal agency actions and framework for future legislation.
658,Trump signs executive order blocking states from enforcing their own regulations around AI | CNN Business,AI Governance,Report,CNN Business,2025,https://us.cnn.com/2025/12/11/tech/ai-trump-states-executive-order,"A CNN Business article covering President Trump''s executive order aimed at blocking states from enforcing their own AI regulations, centralizing AI policy at the federal level.",President Trump signed an executive order establishing federal preemption of state AI regulations to create a unified national framework for AI governance.
659,Open Problems in Technical AI Governance,AI Governance,Report,Centre for the Governance of AI,2024,https://www.governance.ai/research-paper/open-problems-in-technical-ai-governance,"A research paper identifying and analyzing unresolved technical challenges in AI governance, including issues of compliance verification, auditing, and enforcement of AI regulations.","Identifies key unsolved technical problems at the intersection of AI capabilities and governance, providing a research agenda for the field."
660,A Collection of AI Governance Research Ideas,AI Governance,Report,GovAI,2024,https://www.governance.ai/research-paper/a-collection-of-ai-governance-research-ideas,"Research paper compiling a collection of open research questions and ideas in the field of AI governance, intended to guide future scholarship and policy work.",Curated database of research questions and project ideas for advancing AI governance.
661,The Federal AI Preemption Push: President Trump signs the Executive Order titled “Ensuring a National Policy Framework for Artificial Intelligence”,AI Governance,Report,Comm Law Group,2025,https://commlawgroup.com/2025/the-federal-ai-preemption-push-president-trump-signs-the-executive-order-titled-ensuring-a-national-policy-framework-for-artificial-intelligence/,"Legal analysis article examining President Trump''s executive order on federal AI preemption, which aims to establish a unified national AI policy framework by overriding state-level AI regulations.",Trump's executive order on a national AI policy framework asserts federal dominance over AI regulation by preempting state laws deemed inconsistent with national policy objectives.
667,Common Ground between AI 2027 & AI as Normal Technology,AI Governance,Essay,AI Futures Project,2025,https://aifutures.org/common-ground,"Essay exploring the points of agreement between the AI 2027 scenario (which envisions rapid, transformative AI progress) and the ''AI as Normal Technology'' perspective (which views AI as an incremental, manageable advance).","Identifies shared assumptions between the accelerationist and cautious AI narratives, arguing the two camps agree on more than they think."
670,Computing Power and the Governance of Artificial Intelligence,AI Governance,Academic Paper,Lennart Heim et al.,2024,https://arxiv.org/abs/2402.08797,"Research paper analyzing the role of computing power as a governance lever for artificial intelligence, exploring how compute resources can be monitored, allocated, and regulated to shape AI development outcomes.","Compute is a key lever for AI governance because it is detectable, excludable, and quantifiable, making it uniquely suitable for regulation."
673,"Transcript: US Senate Subcommittee Hearing on ""Protecting Consumers from Artificial Intelligence Enabled Fraud and Scams"" | TechPolicy.Press",AI Governance,Report,US Senate Subcommittee,2024,https://techpolicy.press/transcript-us-senate-subcommittee-hearing-on-protecting-consumers-from-artificial-intelligence-enabled-fraud-and-scams,"Transcript of a U.S. Senate subcommittee hearing focused on protecting consumers from AI-enabled fraud and scams, published by TechPolicy.Press.","Congressional testimony addressing consumer protection from AI-enabled fraud through increased platform accountability, content authentication, and consumer education."
674,"White House Issues ""One Rule"" Executive Order To Curb State AI Regulation - New Technology - United States",AI Governance,News Article,White House,2025,https://webiis08.mondaq.com/unitedstates/new-technology/1719974/white-house-issues-one-rule-executive-order-to-curb-state-ai-regulation,Legal analysis article (likely from Mondaq) examining the White House''s ''one rule'' executive order aimed at curbing state-level AI regulation through federal preemption. Covers similar ground to entities 661 and 681.,A White House executive order establishing a national AI regulation standard to preempt conflicting state laws and create uniform federal policy.
679,Some Talent Needs in AI Governance,AI Governance,Essay,Luke Muehlhauser,2023,https://forum.effectivealtruism.org/posts/some-talent-needs-in-ai-governance,"Essay identifying key talent gaps and workforce needs in the AI governance field, discussing what skills and roles are most urgently needed to support effective AI policy and oversight.","Identifies critical talent gaps in AI governance including technical policy expertise, international coordination, and compute governance."
681,Toward A National AI Framework: The Federal Strategy To Override State Regulation - New Technology - United States,AI Governance,Report,Mondaq,2025,https://dev.mondaq.com/unitedstates/new-technology/1722598/toward-a-national-ai-framework-the-federal-strategy-to-override-state-regulation,"Legal analysis article examining the federal strategy to establish a national AI framework that would override state-level regulation, covering the same Trump AI preemption executive order discussed in entities 661 and 674.",The Trump Administration's Executive Order seeks to establish a federal AI framework that prioritizes national competitiveness while preempting state-level AI regulations.
682,The Annual AI Governance Report 2025,AI Governance,Report,International Telecommunication Union (ITU),2025,https://www.itu.int/epublications/ar/publication/the-annual-ai-governance-report-2025-steering-the-future-of-ai/en,"Comprehensive annual report surveying the AI governance landscape in 2025, covering policy developments, institutional activities, and emerging trends in AI regulation and oversight worldwide.","Coordinated international efforts, standards, and ethical frameworks are essential for managing AI's global impact and ensuring responsible governance."
683,The Annual AI Governance Report 2025: Steering the Future of AI,AI Governance,Report,World Economic Forum,2025,https://s41721.pcdn.co/wp-content/uploads/2021/10/2502019_AI-Governance-Dialogue-Steering-the-Future-of-AI-2025.pdf,"Annual report examining the state of AI governance in 2025, covering policy frameworks, regulatory developments, and strategies for steering AI''s future trajectory.","Effective AI governance requires global, multi-stakeholder collaboration to develop inclusive and ethical frameworks that maximize AI's benefits while mitigating risks."
684,AI Governance Profession Report 2025,AI Governance,Report,International Association of Privacy Professionals (IAPP),2025,https://iapp.org/resources/article/ai-governance-profession-report,"Report surveying the AI governance profession landscape in 2025, including roles, skills, and career trends for practitioners working in AI policy and oversight.",Organizations are increasingly establishing AI governance programs to ensure responsible and compliant AI deployment across their operations.
692,"Transcript: US House Subcommittee Hosts Hearing on ""AI ...",AI Governance,Report,US House Subcommittee,2025,https://techpolicy.press/transcript-us-house-subcommittee-hosts-hearing-on-ai-regulation-and-the-future-of-us-leadership,"Transcript of a U.S. House subcommittee hearing examining artificial intelligence policy, published by TechPolicy.Press.","Congressional debate on AI regulation reflected partisan divisions, with Democrats prioritizing consumer protections while Republicans opposed proposed moratoriums on AI development."
693,Adam Thierer Testimony before JEC on AI & Economic Opportunity,AI Governance,Report,Adam Thierer,2024,https://www.jec.senate.gov/public/_cache/files/1828c7b6-8372-4118-8e2e-962ed9986343/thierer---testimony-for-the-jec-hearing-on-ai-and-economic-growth-6-4-2024---final.pdf,Written testimony by Adam Thierer before the Joint Economic Committee on the economic opportunities presented by AI and the policy conditions needed to realize them.,"AI presents substantial opportunities for economic growth and productivity gains across sectors, though realizing these benefits requires appropriate policy frameworks that avoid over-regulation."
696,"The Federal AI Preemption Push: President Trump Signs The Executive Order Titled ""Ensuring A National Policy Framework For Artificial Intelligence"" - New Technology - United States",AI Governance,Report,Mondaq,2025,https://www.mondaq.com/unitedstates/new-technology/1720220/the-federal-ai-preemption-push-president-trump-signs-the-executive-order-titled-ensuring-a-national-policy-framework-for-artificial-intelligence,"Legal analysis published on Mondaq examining President Trump''s executive order on ensuring a national AI policy framework, focusing on its implications for federal preemption of state AI regulations.",President Trump signed an executive order establishing a national AI policy framework designed to preempt state-level AI regulations.
702,Blackburn Unveils National Policy Framework for Artificial Intelligence - U.S. S...,AI Governance,Report,Marsha Blackburn,2025,https://www.blackburn.senate.gov/2025/12/technology/blackburn-unveils-national-policy-framework-for-artificial-intelligence,"Announcement by Senator Marsha Blackburn of a national policy framework for artificial intelligence, outlining proposed federal AI governance principles.","Senator Blackburn's legislative proposal for the TRUMP AMERICA AI Act, establishing a unified federal framework for AI policy with protections for children and consumers."
544,Situational Awareness,AI Safety,Essay,Leopold Aschenbrenner,2024,https://situational-awareness.ai,TEST DATA — Viral essay by former OpenAI researcher; influential in policy circles,AGI is imminent; the US must win the race against China or face catastrophic consequences
549,Statement on AI Risk,AI Safety,Report,Center for AI Safety (CAIS),2023,https://safe.ai/statement,TEST DATA — One-sentence statement signed by hundreds of AI researchers and public figures,Mitigating the risk of extinction from AI should be a global priority alongside pandemics and nuclear war
552,The Alignment Problem,AI Safety,Book,Brian Christian,2020,https://brianchristian.org/the-alignment-problem,TEST DATA — Accessible introduction to alignment for non-technical readers,"Comprehensive overview of the AI alignment challenge, from fairness to existential risk"
553,AI Frontiers,AI Safety,Substack/Newsletter,,,https://www.ai-frontiers.org/,From AISafety.com map. Platform from the Center for AI Safety (CAIS) posting articles written by experts from a wide range of fields discussing the impacts of AI.,
554,AI Policy Bulletin,AI Safety,Substack/Newsletter,,,https://www.aipolicybulletin.org/,"From AISafety.com map. Publishes policy-relevant perspectives on frontier AI governance, including research summaries, opinions, interviews, and explainers.",
555,AI Prospects,AI Safety,Substack/Newsletter,,,https://aiprospects.substack.com/,"From AISafety.com map. Blog by Eric Drexler on AI prospects and their surprising implications for technology, economics, environmental concerns, and military affairs.",
556,Astral Codex Ten,AI Safety,Substack/Newsletter,,,https://www.astralcodexten.com/,"From AISafety.com map. Blog covering many topics, including reasoning, science, psychiatry, medicine, ethics, genetics, economics, politics, and AI. Often book summaries and commentary on AI safety.",
557,Bounded Regret,AI Safety,Substack/Newsletter,,,https://bounded-regret.ghost.io/,"From AISafety.com map. Blog on AI safety by Jacob Steinhardt, a UC Berkeley statistics professor, analysing risks, forecasting future breakthroughs, and discussing alignment strategies.",
558,ChinaTalk,AI Safety,Substack/Newsletter,,,https://www.chinatalk.media/,"From AISafety.com map. Deep, thoughtful coverage on China, technology, and US-China relations – written by Jordan Schneider.",
559,Cold Takes,AI Safety,Substack/Newsletter,,,https://www.cold-takes.com/,"From AISafety.com map. Blog about transformative AI, futurism, research, ethics, philanthropy etc. by Holden Karnofsky. Includes the ""Most Important Century"" post series. Last posted in 2024.",
560,Daniel Paleka's Newsletter,AI Safety,Substack/Newsletter,,,https://newsletter.danielpaleka.com/,From AISafety.com map. Blog by AI safety researcher Daniel Paleka curating and succinctly analyzing the latest research and news in AI safety. Posts about every two months.,
561,DeepMind Safety Research,AI Safety,Substack/Newsletter,,,https://deepmindsafetyresearch.medium.com/,From AISafety.com map. Blog from the Google DeepMind safety team discussing research ideas about building AI safely.,
562,Don't Worry about the Vase,AI Safety,Substack/Newsletter,,,https://thezvi.wordpress.com/,"From AISafety.com map. Blog by Zvi Mowshowitz on various topics, including AI, offering detailed analysis, personal insights, and a rationalist perspective. Posts very frequently.",
563,Miles's Substack,AI Safety,Substack/Newsletter,,,https://milesbrundage.substack.com/,From AISafety.com map. Blog from ex-OpenAI (now independent) AI policy researcher Miles Brundage on the rapid evolution of AI and the urgent need for thoughtful governance.,
564,Obsolete,AI Safety,Substack/Newsletter,,,https://www.obsolete.pub/,"From AISafety.com map. Reporting and analysis on capitalism, great power competition, and the race to build superintelligence by freelance journalist Garrison Lovely.",
565,Paul Christiano's Blog,AI Safety,Substack/Newsletter,,,https://ai-alignment.com/,From AISafety.com map. Blog on aligning prosaic AI by one of the leading AI safety researchers. No longer active but the archive is high quality.,
566,Planned Obsolescence,AI Safety,Substack/Newsletter,,,https://www.planned-obsolescence.org/,"From AISafety.com map. Substack by Ajeya Cotra, researcher at METR, covering AI capabilities forecasting, AI agent benchmarks, timelines for automating AI R&D, and implications for AI safety.",
567,Rising Tide,AI Safety,Substack/Newsletter,,,https://helentoner.substack.com/,From AISafety.com map. Blog by Helen Toner (director of CSET and former OpenAI board member) offering analysis on navigating the transition to advanced AI systems.,
568,The Building Capacity Blog,AI Safety,Substack/Newsletter,,,https://fieldbuilding.substack.com/,"From AISafety.com map. Blog about building the fields of AI safety and Effective Altruism, discussing big-picture strategy and sharing personal experience from working in the space.",
569,The Power Law,AI Safety,Substack/Newsletter,,,https://peterwildeford.substack.com/,"From AISafety.com map. Top forecaster Peter Wildeford forecasts the future and discusses AI, national security, innovation, emerging technology, and the powers – real and metaphorical – that shape the world.",
570,Threading the Needle,AI Safety,Substack/Newsletter,,,https://writing.antonleicht.me/,"From AISafety.com map. Publication by Anton Leicht on the political economy of AI progress, featuring weekly posts on how institutions and political incentives interface with fast technological change.",
571,Victoria Krakovna's Blog,AI Safety,Substack/Newsletter,,,https://vkrakovna.wordpress.com/blog/,"From AISafety.com map. Blog by an AI safety researcher at Google DeepMind, covering alignment research, rationality, and personal productivity insights. Last AI post was 2023.",
572,AISafety.com: Media channels,AI Safety,Substack/Newsletter,,,https://www.aisafety.com/media-channels,From AISafety.com map. The AI safety space is changing rapidly. This directory of key information sources can help you keep up to date with the latest developments.,
573,AI Safety at the Frontier,AI Safety,Substack/Newsletter,,,https://aisafetyfrontier.substack.com/,"From AISafety.com map. Johannes Gasteiger, an alignment researcher at Anthropic, selects and summarizes the most interesting AI safety papers each month.",
574,AI Safety Events & Training,AI Safety,Substack/Newsletter,,,http://aisafetyeventsandtraining.substack.com/,"From AISafety.com map. Weekly newsletter listing newly-announced AI safety events and training programs, both online and in-person.",
575,AI Safety Funding,AI Safety,Substack/Newsletter,,,https://aisafetyfunding.substack.com/,From AISafety.com map. Newsletter listing newly announced funding opportunities for individuals and organizations working to reduce AI existential risk.,
576,AI Safety in China,AI Safety,Substack/Newsletter,,,https://aisafetychina.substack.com/,"From AISafety.com map. Newsletter from Concordia AI, a Beijing-based social enterprise, providing updates on AI safety developments in China.",
577,AI Safety Newsletter,AI Safety,Substack/Newsletter,,,https://newsletter.safe.ai/,From AISafety.com map. Newsletter published every few weeks discussing recent developments in AI and AI safety. No technical background required.,
578,Can We Secure AI With Formal Methods?,AI Safety,Substack/Newsletter,,,https://newsletter.for-all.dev/,"From AISafety.com map. Current-events newsletter for keeping up to date with FMxAI (formal methods and AI) with a gear toward safety, doing a mix of shallow technical reviews of papers and movement updates.",
579,Import AI,AI Safety,Substack/Newsletter,,,https://jack-clark.net/,"From AISafety.com map. Weekly updates on the latest developments in AI research (including governance) written by Jack Clark, co-founder of Anthropic.",
580,ML Safety Newsletter,AI Safety,Substack/Newsletter,,,https://newsletter.mlsafety.org/,"From AISafety.com map. Infrequent newsletter aiming to inform readers about recent ML safety research, focussing on areas like adversarial robustness, interpretability, and control.",
581,Transformer,AI Safety,Substack/Newsletter,,,https://www.transformernews.ai/,"From AISafety.com map. Aiming to help decision-makers understand what’s happening in AI and why it matters – through news roundups, explainers, features, and opinion pieces.",
582,"80,000 Hours Podcast",AI Safety,Podcast,,,https://80000hours.org/podcast/,From AISafety.com map. In-depth conversations about the world’s most pressing problems – including AI safety – and what you can do to help solve them.,
583,AI X-risk Research Podcast,AI Safety,Podcast,,,https://axrp.net/,"From AISafety.com map. Interviews with (mostly technical) AI safety researchers about their research, aiming to get a sense of why it was written and how it might reduce existential risk from AI.",
584,Dwarkesh Podcast,AI Safety,Podcast,,,https://www.dwarkesh.com/,"From AISafety.com map. Well-researched interviews with influential intellectuals going in-depth on AI and technology, and their broader societal implications.",
585,Future of Life Institute Podcast,AI Safety,Podcast,,,https://futureoflife.org/podcast/?_category_browser=ai,"From AISafety.com map. Interviews with existential risk researchers, policy experts, philosophers, and a range of other influential thinkers.",
586,The AI Policy Podcast,AI Safety,Podcast,,,https://www.csis.org/podcasts/ai-policy-podcast,"From AISafety.com map. Podcast from the Center for Strategic & International Studies (CSIS) discussing AI regulation, innovation, national security, and geopolitics.",
587,The Cognitive Revolution,AI Safety,Podcast,,,https://www.cognitiverevolution.ai/,"From AISafety.com map. Biweekly podcast where host Nathan Labenz interviews AI innovators and thinkers, discussing the transformative impact AI will likely have in the near future.",
588,AI Alignment Slack,AI Safety,Website,,,https://join.slack.com/t/ai-alignment/shared_invite/zt-3oytsoq2q-nzMwWJqs5fl4H~VXA6FQTA,"From AISafety.com map. The biggest real-time online community of people interested in AI safety, with channels ranging from general topics to specific fields to local groups.",
589,AI Digest,AI Safety,Website,,,https://theaidigest.org/,"From AISafety.com map. Concise visual explainers of important trends in AI, grounded in concrete examples of what AI models can do right now.",
590,AI Risk Explorer,AI Safety,Website,,,https://www.airiskexplorer.com/,"From AISafety.com map. Online platform monitoring the emergence of large-scale AI risks, featuring curated information on evaluations, incidents, and policies.",
591,AI Risk: Why Care?,AI Safety,Website,,,https://whycare.aisgf.us/,From AISafety.com map. AI safety chatbot that excels at addressing hard questions and counterarguments about existential risk.,
592,AI Safety for Fleshy Humans,AI Safety,Website,,,https://aisafety.dance/,"From AISafety.com map. Accessible, comic-illustrated series describing the history of AI capabilities, the alignment problem, and potential solutions.",
593,AI Safety Map Anki Deck,AI Safety,Website,,,https://ankiweb.net/shared/info/1103716634,"From AISafety.com map. Flashcards for helping to learn and memorize the main organizations, projects, and programs currently operating in the AI safety space.",
595,AI Safety Support,AI Safety,Website,,,https://www.aisafetysupport.org/,From AISafety.com map. Field-building organization now chiefly serving as the home for an extensive resources list called Lots of Links.,
596,AI Watch,AI Safety,Website,,,https://aiwatch.issarice.com/,"From AISafety.com map. Database tracking people, organizations, and “products” in the AI safety community, serving as a reference for positions, affiliations, and related data.",
597,AISafety.com,AI Safety,Website,,,https://www.aisafety.com/,"From AISafety.com map. Hub for key resources for the AI safety community, including directories of courses, jobs, upcoming events and training programs etc. – and this map!",
598,Effective Altruism Domains,AI Safety,Website,,,https://ea.domains/,"From AISafety.com map. Directory of domains freely available to be used for high-impact projects, including those contributing to AI safety.",
599,Effective Altruism Forum,AI Safety,Website,,,https://forum.effectivealtruism.org/topics/ai-safety,"From AISafety.com map. Forum on doing good as effectively as possible, including AI safety. Also has a podcast featuring text-to-speech narrations of top posts.",
600,LessWrong,AI Safety,Website,,,https://www.lesswrong.com/,"From AISafety.com map. Online forum dedicated to improving human reasoning, containing a lot of AI safety content. Also has a podcast featuring text-to-speech narrations of top posts.",
601,MIT AI Risk Repository,AI Safety,Website,,,https://airisk.mit.edu/,"From AISafety.com map. Comprehensive living database of over 1600 AI risks, categorized by their cause and risk domain.",
602,RiesgosIA.org,AI Safety,Website,,,https://riesgosia.org/,"From AISafety.com map. Spanish-language website featuring AI safety educational tools, including a daily‑updated monitor of AI safety research papers.",
603,AI Explained,AI Safety,Video,,,https://www.youtube.com/@aiexplained-official,"From AISafety.com map. YouTuber discussing the latest AI developments as they happen, offering explanations and analysis of important research and events.",
604,AI In Context,AI Safety,Video,,,https://www.youtube.com/@AI_In_Context,"From AISafety.com map. Channel produced by 80,000 Hours presenting thoroughly researched, cinematic stories about what's happening in AI and where the trends are taking us.",
605,AI Safety Videos,AI Safety,Video,,,https://aisafety.info/questions/2222,"From AISafety.com map. Comprehensive directory of AI safety video content, from beginner-friendly introductions to in-depth expert talks.",
606,Doom Debates,AI Safety,Video,,,https://www.youtube.com/@DoomDebates,"From AISafety.com map. Channel hosted by Liron Shapira featuring in-depth debates, explainers, and live Q&A sessions, focused on AI existential risk and other implications of superintelligence.",
607,Dr Waku,AI Safety,Video,,,https://www.youtube.com/@DrWaku/,"From AISafety.com map. Computer science PhD and AI research scientist talking about how AI will likely affect the world, along with expert interviews.",
609,FAR․AI YouTube channel,AI Safety,Video,,,https://www.youtube.com/@FARAIResearch,"From AISafety.com map. Talks given by AI safety experts at various events, covering topics ranging from mechanistic interpretability to evals and governance.",
610,Lethal Intelligence,AI Safety,Video,,,https://www.youtube.com/@lethal-intelligence,From AISafety.com map. YouTube channel raising awareness about the lethal dangers of AGI through explainer videos and podcasts.,
611,Rational Animations,AI Safety,Video,,,https://www.youtube.com/@RationalAnimations,"From AISafety.com map. Animated videos aiming to foster good thinking, promote altruistic causes, and help ensure humanity's future goes well – particularly regarding AI safety.",
612,Robert Miles,AI Safety,Video,,,https://www.youtube.com/@RobertMilesAI,"From AISafety.com map. The most popular AI safety education channel, explaining technical alignment concepts to general audiences through accessible explainer videos.",
613,Siliconversations,AI Safety,Video,,,https://www.youtube.com/@Siliconversations,From AISafety.com map. YouTube channel explaining (mostly) AI safety concepts through entertaining stickman videos.,
614,Species,AI Safety,Video,,,https://www.youtube.com/@AISpecies,From AISafety.com map. Channel run by Drew Spartz educating a general audience about AI risk through high-effort mini-documentaries.,
615,The AI Risk Network,AI Safety,Video,,,https://www.youtube.com/@TheAIRiskNetwork,"From AISafety.com map. YouTube channel run by John Sherman, a Peabody and Emmy Award-winning former investigative journalist, aiming to make AI risk a kitchen table conversation.",
643,Human Compatible,AI Safety,Book,Stuart Russell,2019,https://humancompatible.ai,TEST DATA — Foundational text on AI alignment for general audience,Current AI paradigm of fixed objectives is fundamentally dangerous; need provably beneficial AI
644,The Precipice: Existential Risk and the Future of Humanity,AI Safety,Book,Toby Ord,2020,https://theprecipice.com/,"A 2020 book by philosopher Toby Ord arguing that safeguarding humanity''s long-term future from existential risks, including advanced AI, is among the most important moral priorities of our time.","Argues this century is a critical period for existential risk, with unaligned AI as the greatest threat."
645,The Urgency of Interpretability,AI Safety,Essay,Dario Amodei,2024,https://www.anthropic.com/research/the-urgency-of-interpretability,A paper or talk making the case that understanding the internal workings of AI models (interpretability) is an urgent priority for ensuring safe and trustworthy AI systems.,Understanding how AI models work internally is critical for safety and must be prioritized alongside capability development.
646,On the Responsible Scaling of AI,AI Safety,Report,Anthropic,2023,https://www.anthropic.com/index/anthropics-responsible-scaling-policy,"Anthropic''s policy paper outlining its Responsible Scaling Policy, a framework for incrementally deploying more capable AI models while managing catastrophic risks through safety evaluations.","Framework for when and how to scale AI safely, with commitments to pause if safety evaluations show dangerous capabilities."
647,"Superintelligence: Paths, Dangers, Strategies",AI Safety,Book,Nick Bostrom,2014,"https://en.wikipedia.org/wiki/Superintelligence:_Paths,_Dangers,_Strategies","A 2014 book by Oxford philosopher Nick Bostrom analyzing the potential trajectories, dangers, and strategic challenges posed by the development of machine superintelligence.",Foundational text arguing that superintelligent AI could pose existential risk if not aligned with human values.
653,International AI Safety Report,AI Safety,Report,UK AI Safety Institute,2024,https://www.gov.uk/government/publications/international-ai-safety-report,A 2024 international report led by Yoshua Bengio and a global panel of experts assessing the current state of AI safety risks and recommending governance approaches.,"Expert consensus report on AI risks and safety measures, commissioned by the UK AI Safety Summit."
654,Zvi Mowshowitz AI Newsletter,AI Safety,Substack/Newsletter,Zvi Mowshowitz,2024,https://thezvi.substack.com/,"A weekly AI analysis newsletter by Zvi Mowshowitz (also known as ''Don''t Worry About the Vase'') providing detailed commentary on AI developments, policy, and safety research.",Comprehensive weekly analysis of AI developments with focus on safety and existential risk.
656,Life 3.0: Being Human in the Age of AI,AI Safety,Book,Max Tegmark,2017,https://en.wikipedia.org/wiki/Life_3.0,A 2017 book by MIT physicist Max Tegmark exploring how artificial intelligence will transform life on Earth and examining the future trajectory of intelligent life in the universe.,Humanity must proactively engage in AI safety research and develop wise governance strategies to ensure advanced AI remains beneficial and aligned with human values.
663,Highlights of the 2023 Executive Order on Artificial ...,AI Safety,Report,Congressional Research Service,2023,https://www.congress.gov/crs-product/R47843,"Summary article highlighting the key provisions of President Biden''s 2023 executive order on artificial intelligence, which established new safety standards, equity protections, and innovation support measures for AI development.","This Congressional Research Service report summarizes the 2023 Executive Order establishing a comprehensive government-wide approach to ensure safe, secure, and trustworthy AI development and deployment."
666,Foundational Challenges in Assuring Alignment and Safety of Large Language Models,AI Safety,Academic Paper,Usman Anwar et al.,2024,https://arxiv.org/abs/2404.09932,Academic paper examining the foundational technical and conceptual challenges in ensuring that large language models are aligned with human values and operate safely.,"Comprehensive survey of fundamental open problems in LLM alignment, including specification, assurance, and societal impacts."
669,"Alignment Remains a Hard, Unsolved Problem",AI Safety,Essay,Paul Christiano,2025,https://www.alignmentforum.org/posts/unsolved-alignment,Essay or paper arguing that AI alignment — ensuring AI systems reliably act in accordance with human intentions and values — remains a fundamentally difficult and unsolved problem despite recent progress.,"Argues that despite recent progress, the fundamental problem of ensuring AI systems reliably pursue human values remains unsolved."
671,US Senate Hearing On 'Examining the Harm of AI Chatbots',AI Safety,Report,U.S. Senate,2025,https://techpolicy.press/transcript-us-senate-hearing-on-examining-the-harm-of-ai-chatbots,"Official U.S. Senate hearing titled ''Examining the Harm of AI Chatbots,'' investigating the potential risks and harms posed by AI chatbot technologies to consumers and society.","AI chatbots pose significant safety risks, particularly to children, as demonstrated by documented cases of self-harm and exploitation, necessitating congressional regulatory action."
675,Alignment Pretraining: AI Discourse Causes Self-Fulfilling (Mis)alignment,AI Safety,Academic Paper,Geodesic Research,2026,https://geodesic.ai/alignment-pretraining,Research paper investigating how public discourse about AI alignment and safety can become self-fulfilling — shaping AI behavior during pretraining in ways that either help or hinder actual alignment outcomes.,How AI models trained on alignment discourse may develop self-fulfilling beliefs about their own alignment or misalignment.
676,Values in the Wild,AI Safety,Report,Anthropic,2025,https://www.anthropic.com/research/values-in-the-wild,"Research paper studying human values as they manifest ''in the wild'' — examining how values are embedded in, expressed through, and shaped by real-world AI systems and their deployment contexts.","Empirical study of how Claude's values manifest in real-world usage, examining the gap between intended behavior and actual deployment."
677,The Persona Selection Model: Why AI Assistants Might Behave Like Humans,AI Safety,Academic Paper,"Samuel Marks, Alex Lindsey, Chris Olah",2026,https://transformer-circuits.pub/2026/persona-selection,"Research paper proposing a ''persona selection model'' to explain why AI assistants may adopt human-like behavioral patterns, exploring the mechanisms by which LLMs select and enact particular personas.","Proposes that LLMs select from a repertoire of learned personas rather than having a single fixed character, with implications for alignment."
678,The Assistant Axis: Situating and Stabilizing the Character of LLMs,AI Safety,Academic Paper,Samuel Marks et al.,2026,https://arxiv.org/abs/2601.assistant-axis,"Research paper on methods for situating and stabilizing the character or persona of large language models along an ''assistant axis,'' addressing consistency and reliability in LLM behavior.",Framework for understanding and stabilizing the character dimensions of language model assistants.
685,Gradual Disempowerment,AI Safety,,MISSING - actual author unknown from provided data,2025,https://gradual-disempowerment.ai/,"Research paper examining how AI systems could gradually erode human control and autonomy over time, even without a single catastrophic event.","AI systems may gradually erode human control and decision-making authority through incremental shifts in power, raising concerns about long-term human agency."
686,AI Safety Index 2025: How Frontier AI Companies | Libertify,AI Safety,Report,Libertify,2025,https://www.libertify.com/interactive-library/ai-safety-index-2025-frontier-companies-ranking/,"Coverage by Libertify of the Future of Life Institute''s 2025 AI Safety Index, which benchmarks how frontier AI companies manage safety practices.","The AI Safety Index 2025 benchmarks frontier AI companies on safety practices and risk management, showing significant variation in governance maturity."
687,2025 AI Safety Index - Future of Life Institute,AI Safety,Report,Future of Life Institute,2025,https://futureoflife.org/ai-safety-index-summer-2025,"The Future of Life Institute''s 2025 AI Safety Index, a benchmarking report assessing how leading AI companies address safety in their development practices.","While leading AI companies like Anthropic and OpenAI are advancing safety assessments and transparency measures, the broader AI industry lacks comprehensive safety standards and preparedness frameworks."
688,AI Safety Index Winter 2025 - Future of Life Institute,AI Safety,Report,Future of Life Institute,2025,https://futureoflife.org/ai-safety-index-winter-2025/,"The Winter 2025 edition of the Future of Life Institute''s AI Safety Index, evaluating frontier AI companies'' safety commitments and practices.","The Winter 2025 AI Safety Index reveals substantial variations in safety practices among leading AI companies, with Anthropic, OpenAI, and Google demonstrating stronger safety governance than industry peers."
694,Senate Judiciary written testimony - Helen Toner 2024-09-17,AI Safety,Report,Helen Toner,2024,https://www.judiciary.senate.gov/imo/media/doc/2024-09-17_pm_-_testimony_-_toner.pdf,"Written testimony by Helen Toner, former OpenAI board member, before the Senate Judiciary Committee in September 2024, offering an insider''s perspective on AI governance and safety.","AI companies developing toward artificial general intelligence view AGI as a serious and imminent goal, raising urgent policy questions about oversight and safety measures needed before advanced AI systems are deployed."
701,Transcript: Senate Judiciary Subcommittee Hosts Hearing on Oversight of AI: Insiders’ Perspectives | TechPolicy.Press,AI Safety,Report,Senate Judiciary Subcommittee,2024,https://techpolicy.press/transcript-senate-judiciary-subcommittee-hosts-hearing-on-oversight-of-ai-insiders-perspectives,"Transcript of a Senate Judiciary Subcommittee hearing featuring insider perspectives on AI oversight, published by TechPolicy.Press.",Industry insiders testify before the Senate Judiciary Subcommittee on the necessity for enforceable AI regulations and corporate accountability measures to balance innovation with safety and public interest.
703,2025 Q4 Update from our Frontier AI Risk Monitoring Platform,AI Safety,Substack/Newsletter,AI Safety China,2025,https://aisafetychina.substack.com/p/2025-q4-update-from-our-frontier,"Quarterly update (Q4 2025) from a frontier AI risk monitoring platform, reporting on emerging risks and safety developments at leading AI labs.","AI Safety China's Q4 2025 frontier AI monitoring platform reports stabilized overall risk levels across frontier models, though certain model families continue to present elevated risks requiring targeted mitigation."
1802,Core Views on AI Safety,AI Safety,Essay,Anthropic,2023,https://www.anthropic.com/news/core-views-on-ai-safety,"Published by Anthropic in March 2023 as a company-wide statement of AI safety views and strategy. Frequently cited in AI governance discussions as representative of the 'responsible scaling' / 'pragmatic safety' frame, in contrast to pause-oriented positions. Often referenced alongside Anthropic's Responsible Scaling Policy (RSP).","Anthropic's foundational public statement of its AI safety philosophy: frontier AI could be transformative and risky, safety research must scale alongside capabilities, empirical work on current models generalizes to future risks, and a mix of safety research and responsible scaling is necessary."
1803,Constitutional AI: Harmlessness from AI Feedback,AI Safety,Academic Paper,"Yuntao Bai, Saurav Kadavath, Sandipan Kundu, Amanda Askell, Jackson Kernion, Andy Jones, Anna Chen, Anna Goldie, Azalia Mirhoseini, Cameron McKinnon, et al. (Anthropic)",2022,https://arxiv.org/abs/2212.08073,"Foundational Anthropic paper (December 2022) that introduced Constitutional AI, the training approach that underlies the Claude models' safety behavior. Widely cited in AI governance discussions around alignment techniques, scalable oversight, and alternatives to pure-human-feedback training.","Introduces Constitutional AI (CAI): a method to train a harmless AI assistant using AI-generated feedback guided by a set of written principles ('constitution'), instead of relying primarily on human-labeled harmlessness feedback. Builds on RLHF but replaces human preference labels for harmfulness with AI self-critique and revision."
1805,Training Language Models to Follow Instructions with Human Feedback,AI Safety,Academic Paper,"Long Ouyang, Jeff Wu, Xu Jiang, Diogo Almeida, Carroll L. Wainwright, Pamela Mishkin, Chong Zhang, Sandhini Agarwal, Katarina Slama, Alex Ray, John Schulman, Jacob Hilton, Fraser Kelton, Luke Miller, Maddie Simens, Amanda Askell, Peter Welinder, Paul Christiano, Jan Leike, Ryan Lowe (OpenAI)",2022,https://arxiv.org/abs/2203.02155,"OpenAI's foundational 2022 RLHF paper (the 'InstructGPT' paper), which underpins the alignment approach in ChatGPT and all subsequent commercial LLMs. Frequently cited in AI policy discussions about post-training interventions, alignment research, and the limits of current safety techniques.","Shows that fine-tuning language models with reinforcement learning from human feedback (RLHF) produces outputs humans prefer and rate as more truthful and less harmful than base models, even when the RLHF model is 100x smaller. Established RLHF as the dominant post-training alignment technique for commercial LLMs (used in ChatGPT, GPT-4, Claude, Gemini)."
651,The Simple Macroeconomics of AI,Labor & Economy,Academic Paper,Daron Acemoglu,2024,https://www.nber.org/papers/w32487,"An economics paper analyzing the macroeconomic implications of AI adoption, including effects on productivity, labor markets, and economic growth.","AI will have modest economic effects in the near term, with GDP growth of only 0.5-1.5% over 10 years."
689,Canaries in the Coal Mine? Six Facts about the Recent Employment Effects of Artificial Intelligence,Labor & Economy,Report,"Erik Brynjolfsson, Danielle Li, Lindsey Raymond, Tom Sheehy",2025,https://digitaleconomy.stanford.edu/wp-content/uploads/2025/11/CanariesintheCoalMine_Nov25.pdf,"Economics research paper presenting six key findings on the early employment effects of artificial intelligence, framing affected workers as ''canaries in the coal mine'' for broader labor market disruption.","Analysis of recent AI employment effects shows generative AI adoption has disproportionately impacted entry-level workers aged 22-25 in AI-exposed occupations, with measurable wage and employment declines."
690,MIT study finds AI can already replace 11.7% of U.S. ...,Labor & Economy,News Article,CNBC,2025,https://www.cnbc.com/2025/11/26/mit-study-finds-ai-can-already-replace-11point7percent-of-us-workforce.html,News article covering an MIT study finding that AI technology is already capable of replacing approximately 11.7% of tasks in the U.S. workforce.,"An MIT study estimates that AI can currently replace approximately 11.7% of the U.S. workforce (roughly 18 million workers), representing approximately $1.2 trillion in annual wage exposure."
704,Labor Demand in the Age of Generative AI : Early Evidence from the U.S. Job Posting Data,Labor & Economy,Academic Paper,"David Autor, Simon Jäger, David Sands, Pascaul Restrepo",2025,https://ideas.repec.org/p/wbk/wbrwps/11263.html,"Economics research paper analyzing how generative AI is affecting U.S. labor demand, using job posting data to identify early shifts in employer hiring patterns.",U.S. job posting data reveals that generative AI tools like ChatGPT have led to significant declines in labor demand for certain occupational categories.
664,FACT SHEET: Biden-Harris Administration Executive Order Directs DHS to Lead the Responsible Development of Artificial Intelligence | Homeland Security,National Security,Report,U.S. Department of Homeland Security,2023,https://www.dhs.gov/archive/news/2023/10/30/fact-sheet-biden-harris-administration-executive-order-directs-dhs-lead-responsible,"Department of Homeland Security fact sheet detailing how the Biden-Harris Administration''s AI executive order directs DHS to lead responsible AI development, including safeguards for critical infrastructure and border security.",The Biden-Harris Administration's executive order designates DHS as the lead agency for overseeing the responsible development and deployment of artificial intelligence across federal agencies.
665,Biden signs U.S.' first AI executive order to create safeguards,National Security,News Article,CNBC,2023,https://www.cnbc.com/2023/10/30/biden-unveils-us-governments-first-ever-ai-executive-order.html,"News article covering President Biden''s signing of the first comprehensive U.S. executive order on artificial intelligence, which established safeguards around AI safety, security, and trustworthiness.","President Biden signed the U.S.'s first comprehensive AI executive order, establishing binding safety, equity, privacy, and security standards for AI development and deployment."
551,Stochastic Parrots Paper,Philosophy/Ethics,Essay,"Emily Bender, Timnit Gebru, et al.",2021,https://dl.acm.org/doi/10.1145/3442188.3445922,TEST DATA — Controversial paper that led to Gebru leaving Google; foundational for AI ethics discourse,"Large language models pose environmental, bias, and misinformation risks that are inadequately addressed"
695,Machines of Loving Grace,Philosophy/Ethics,Essay,Dario Amodei,2024,https://darioamodei.com/machines-of-loving-grace,"Essay by Anthropic CEO Dario Amodei (October 2024) exploring the potential positive impacts of advanced AI on science, health, economic development, and governance.","AI development offers transformative benefits like disease curing and poverty reduction, but realizing this optimistic vision requires deliberate focus on safety and alignment alongside capability advances."
705,Transcript: Joint Hearing on “Artificial Intelligence and Its Potential to Fuel Economic Growth and Improve Governance” | TechPolicy.Press,Policy Proposal,Report,U.S. Congress,2024,https://techpolicy.press/transcript-joint-hearing-on-artificial-intelligence-and-its-potential-to-fuel-economic-growth-and-improve-governance,"Transcript of a joint congressional hearing on artificial intelligence''s potential to fuel economic growth and improve governance, published by TechPolicy.Press.",A congressional joint hearing examining artificial intelligence's potential to drive economic growth and improve governance through expert testimony on AI applications.
1804,Attention Is All You Need,Technical,Academic Paper,"Ashish Vaswani, Noam Shazeer, Niki Parmar, Jakob Uszkoreit, Llion Jones, Aidan N. Gomez, Łukasz Kaiser, Illia Polosukhin (Google)",2017,https://arxiv.org/abs/1706.03762,"2017 Google paper at NeurIPS that introduced the Transformer architecture — the foundation of GPT, BERT, Claude, Gemini, LLaMA, and essentially every frontier language model. Of the eight authors, Aidan N. Gomez later co-founded Cohere. The paper is routinely invoked in AI policy discussions to ground claims about the lineage and maturity of current AI systems.","Introduces the Transformer, a neural network architecture based solely on attention mechanisms, dispensing with recurrence and convolutions. Achieves state-of-the-art translation quality while being more parallelizable and requiring significantly less training time. The architectural foundation of nearly all modern large language models."
