id,name,type,category
1689,"100 Plus Capital",organization,VC/Capital/Philanthropy
687,"2025 AI Safety Index - Future of Life Institute",resource,
703,"2025 Q4 Update from our Frontier AI Risk Monitoring Platform",resource,
434,"5050 AI (by Fifty Years)",organization,VC/Capital/Philanthropy
351,"80,000 Hours",organization,Think Tank/Policy Org
582,"80,000 Hours Podcast",resource,
810,"8VC",organization,VC/Capital/Philanthropy
1330,"Aaron Courville",person,Academic
833,"Abeba Birhane",person,Researcher
905,"ACLU",organization,Ethics/Bias/Rights
1491,"ACM US Technology Policy Committee",organization,Think Tank/Policy Org
660,"A Collection of AI Governance Research Ideas",resource,
1780,"Adam Conner",person,Organizer
779,"Adam Evans",person,Executive
1663,"Adam Gleave",person,Executive
1580,"Adam Schumacher",person,Organizer
1662,"Adam Shimi",person,Researcher
693,"Adam Thierer Testimony before JEC on AI & Economic Opportunity",resource,
1458,"Adaptive Security",organization,Deployers & Platforms
758,"Adobe",organization,Deployers & Platforms
1142,"Adrian Weller",person,Academic
1432,"Advanced Machine Intelligence Labs",organization,Frontier Lab
428,"Advanced Research + Invention Agency (ARIA)",organization,Government/Agency
206,"AE Studio",organization,AI Safety/Alignment
145,"Aether",organization,AI Safety/Alignment
874,"AFL-CIO",organization,Labor/Civil Society
753,"Agility Robotics",organization,Deployers & Platforms
616,"A Guide to the AI Tribes",resource,
618,"AI 2027 scenario",resource,
330,"AI2050 (Schmidt Sciences)",organization,VC/Capital/Philanthropy
1384,"AI4ALL",organization,Labor/Civil Society
419,"AI Alignment Awards",organization,AI Safety/Alignment
333,"AI Alignment Forum",organization,AI Safety/Alignment
267,"AI Alignment Foundation",organization,VC/Capital/Philanthropy
588,"AI Alignment Slack",resource,
619,"AI as Normal Technology",resource,
1140,"ai@cam",organization,Academic
1807,"Aidan Gomez",person,Executive
589,"AI Digest",resource,
603,"AI Explained",resource,
553,"AI Frontiers",resource,
1243,"AI Fund",organization,VC/Capital/Philanthropy
212,"AI Futures Project",organization,AI Safety/Alignment
436,"AI Governance and Safety Institute (AIGSI)",organization,AI Safety/Alignment
684,"AI Governance Profession Report 2025",resource,
290,"AI Governance & Safety Canada",organization,Think Tank/Policy Org
739,"AI Grant",organization,VC/Capital/Philanthropy
324,"AI Impacts",organization,AI Safety/Alignment
604,"AI In Context",resource,
404,"AI Lab Watch",organization,AI Safety/Alignment
173,"AI Now Institute",organization,Think Tank/Policy Org
154,"AI Objectives Institute",organization,AI Safety/Alignment
405,"AI-Plans",organization,AI Safety/Alignment
554,"AI Policy Bulletin",resource,
226,"AI Policy Institute",organization,Think Tank/Policy Org
555,"AI Prospects",resource,
1490,"AI Research Institute on Interaction for AI assistants (ARIA)",organization,Academic
590,"AI Risk Explorer",resource,
278,"AI Risk Mitigation Fund",organization,VC/Capital/Philanthropy
591,"AI Risk: Why Care?",resource,
437,"AI Safety Asia (AISA)",organization,AI Safety/Alignment
573,"AI Safety at the Frontier",resource,
427,"AI Safety Awareness Project (AISAP)",organization,AI Safety/Alignment
187,"AI Safety Camp",organization,AI Safety/Alignment
208,"AISafety.com",organization,AI Safety/Alignment
597,"AISafety.com",resource,
572,"AISafety.com: Media channels",resource,
420,"AI Safety Communications Centre",organization,AI Safety/Alignment
1638,"AI Safety Dublin",organization,AI Safety/Alignment
188,"AI Safety, Ethics and Society (Center for AI Safety)",organization,AI Safety/Alignment
574,"AI Safety Events & Training",resource,
592,"AI Safety for Fleshy Humans",resource,
141,"AI Safety Foundation",organization,AI Safety/Alignment
575,"AI Safety Funding",resource,
576,"AI Safety in China",resource,
686,"AI Safety Index 2025: How Frontier AI Companies | Libertify",resource,
688,"AI Safety Index Winter 2025 - Future of Life Institute",resource,
409,"AISafety.info",organization,AI Safety/Alignment
315,"AI Safety Initiative at Georgia Tech",organization,Academic
593,"AI Safety Map Anki Deck",resource,
577,"AI Safety Newsletter",resource,
311,"AI Safety Quest",organization,AI Safety/Alignment
595,"AI Safety Support",resource,
421,"AI Safety Support Newsletter",organization,AI Safety/Alignment
383,"AI Safety Tactical Opportunities Fund (AISTOF)",organization,VC/Capital/Philanthropy
605,"AI Safety Videos",resource,
649,"AI Snake Oil",resource,
169,"AI Standards Lab",organization,Think Tank/Policy Org
1487,"AI Tennessee Initiative",organization,Academic
596,"AI Watch",resource,
583,"AI X-risk Research Podcast",resource,
965,"Ajay Agrawal",person,Academic
861,"Ajeya Cotra",person,Researcher
929,"Alan Davidson",person,Policymaker
799,"Alan Descoins",person,Executive
725,"Alexandra Mealer",person,Policymaker
1574,"Alexandra Narin",person,Organizer
922,"Alexandra Reeve Givens",person,Organizer
10,"Alexandria Ocasio-Cortez",person,Policymaker
772,"Alexandr Wang",person,Executive
785,"Alex Blania",person,Executive
97,"Alex Bores",person,Policymaker
249,"Alex Bores campaign",organization,Political Campaign/PAC
632,"Alex Bores Congressional AI Framework",resource,
900,"Alex Hanna",person,Researcher
1836,"Alex Heath",person,Journalist
1718,"Alex Immerman",person,Investor
1436,"Alex LeBrun",person,Executive
903,"Algorithmic Justice League",organization,Ethics/Bias/Rights
265,"Aligned AI",organization,AI Safety/Alignment
172,"Alignment Ecosystem Development (AED)",organization,AI Safety/Alignment
190,"Alignment of Complex Systems Research Group (ACS)",organization,AI Safety/Alignment
675,"Alignment Pretraining: AI Discourse Causes Self-Fulfilling (Mis)alignment",resource,
669,"Alignment Remains a Hard, Unsolved Problem",resource,
218,"Alignment Research Center (ARC)",organization,AI Safety/Alignment
366,"Alignment Research Engineer Accelerator (ARENA)",organization,Academic
992,"Alison Gopnik",person,Academic
827,"Allan Dafoe",person,Researcher
1194,"Allen Institute for AI",organization,Academic
1174,"Allen Karns",person,Executive
1253,"Allen Newell",person,Researcher
1017,"Alliance for a Better Future",organization,Labor/Civil Society
1528,"Alliance of Motion Picture and Television Producers",organization,Labor/Civil Society
736,"Allie K. Miller",person,Executive
1605,"Allison Duettmann",person,Organizer
86,"Alondra Nelson",person,Policymaker
1225,"Alphabet Inc.",organization,Deployers & Platforms
1799,"Alvaro Bedoya",person,Policymaker
998,"Alvin Graylin",person,Executive
1684,"Amanda El-Dakhakhni",person,Executive
1261,"Amandeep Singh Gill",person,Policymaker
729,"Amazon",organization,Deployers & Platforms
1063,"Amazon Labor Union",organization,Labor/Civil Society
1630,"Amba Kak",person,Executive
1250,"AMD",organization,Infrastructure & Compute
268,"American Federation of Teachers",organization,Labor/Civil Society
710,"American Mission",organization,Political Campaign/PAC
228,"Americans for Responsible Innovation (ARI)",organization,Think Tank/Policy Org
1088,"American University",organization,Academic
1319,"Amii",organization,Academic
1335,"Amir Banifatemi",person,Organizer
1325,"Amnesty International",organization,Ethics/Bias/Rights
782,"Amnon Shashua",person,Executive
1659,"Amrit Sidhu-Brar",person,Researcher
1004,"Amy Klobuchar",person,Policymaker
804,"Ana Helena Ulbrich",person,Organizer
1744,"Anca Dragan",person,Academic
1660,"Andrea Miotti",person,Organizer
211,"Andreessen Horowitz (a16z)",organization,VC/Capital/Philanthropy
1007,"Andrej Karpathy",person,Researcher
1265,"Andrew Carney",person,Organizer
1761,"Andrew Doris",person,Organizer
1442,"Andrew McAfee",person,Academic
1814,"Andrew N. Ferguson",person,Policymaker
976,"Andrew Ng",person,Academic
1058,"Anduril Industries",organization,Deployers & Platforms
735,"Andy Jassy",person,Executive
1100,"Andy Kim",person,Policymaker
794,"Andy Parsons",person,Executive
1275,"Angela Virtu",person,Academic
1057,"AngelList",organization,VC/Capital/Philanthropy
1717,"Anish Acharya",person,Investor
851,"Anjney Midha",person,Investor
1544,"Ankesh Chandaria",person,Organizer
115,"Anna Eshoo",person,Policymaker
1582,"Anna Leshinskaya",person,Academic
1461,"Anna McAdams",person,Organizer
1624,"Anna Sztyber-Betley",person,Researcher
1840,"Anna Tong",person,Journalist
1680,"Annie Stephenson",person,Researcher
1514,"Anni Leskelä",person,Researcher
384,"An Overview of the AI Safety Funding Situation",organization,Media/Journalism
1589,"Anson Ho",person,Researcher
1772,"Anthony Aguirre",person,Organizer
1641,"Anthony Armstrong",person,Executive
133,"Anthropic",organization,Frontier Lab
137,"Anthropic Institute",organization,AI Safety/Alignment
1258,"António Guterres",person,Policymaker
12,"Anton Korinek",person,Academic
318,"Apart Research",organization,AI Safety/Alignment
217,"Apollo Research",organization,AI Safety/Alignment
1329,"Apple",organization,Deployers & Platforms
119,"Arati Prabhakar",person,Policymaker
260,"Arbital",organization,AI Safety/Alignment
323,"Arcadia Impact",organization,Academic
1595,"Arden Berg",person,Investor
1343,"Arizona Secretary of State",organization,Government/Agency
371,"Arkose Labs",organization,Deployers & Platforms
746,"Arm",organization,Infrastructure & Compute
1266,"ARPA-H",organization,Government/Agency
1751,"Arthur Breitman",person,Executive
1722,"Arthur Mensch",person,Executive
1136,"Arthur Spirling",person,Academic
103,"Arvind Narayanan",person,Academic
396,"Ashgro",organization,AI Safety/Alignment
1235,"Ashok Elluswamy",person,Executive
1725,"ASML",organization,Infrastructure & Compute
867,"Associated Press",organization,Media/Journalism
1520,"Association for Computing Machinery",organization,Academic
350,"Association for Long Term Existence and Resilience (ALTER)",organization,Think Tank/Policy Org
1521,"Association for the Advancement of Artificial Intelligence (AAAI)",organization,Academic
257,"Astera Neuro & AGI",organization,AI Safety/Alignment
749,"Asteria Film Co.",organization,Media/Journalism
556,"Astral Codex Ten",resource,
280,"Astralis Foundation",organization,VC/Capital/Philanthropy
438,"Athena Mentorship Program for Women (AI Alignment Research)",organization,AI Safety/Alignment
299,"Atlas Computing",organization,AI Safety/Alignment
1434,"AT&T Bell Laboratories",organization,Academic
1804,"Attention Is All You Need",resource,
994,"Audrey Tang",person,Policymaker
975,"Avi Goldfarb",person,Academic
1475,"Ayanna Pressley",person,Policymaker
1536,"Ayushmaan Sharma",person,Researcher
1003,"Aza Raskin",person,Organizer
830,"Azeem Azhar",person,Researcher
1215,"Ballmer Group",organization,VC/Capital/Philanthropy
1268,"Barton Paulhamus",person,Academic
1097,"Bayesian Logic Inc.",organization,AI Safety/Alignment
1190,"Baylor College of Medicine",organization,Academic
1539,"B Capital",organization,VC/Capital/Philanthropy
359,"Beijing Institute of AI Safety and Governance (Beijing-AISI)",organization,Think Tank/Policy Org
1276,"Bei Xiao",person,Academic
150,"Beneficial AI Foundation",organization,AI Safety/Alignment
1616,"Ben Garfinkel",person,Researcher
1102,"Ben Horowitz",person,Investor
1740,"Ben Hoskin",person,Organizer
1264,"Benjamin Grosof",person,Policymaker
1349,"Ben Mann",person,Executive
1387,"Ben Mildenhall",person,Executive
74,"Ben Ray Luján",person,Policymaker
44,"Ben Reinhardt",person,Executive
1841,"Ben Thompson",person,Journalist
919,"Ben Wizner",person,Organizer
1835,"Berber Jin",person,Journalist
233,"Berggruen Institute",organization,Think Tank/Policy Org
1693,"Berkeley AI Safety Initiative for Students (BASIS)",organization,AI Safety/Alignment
1109,"Berkeley Artificial Intelligence Research",organization,Academic
397,"Berkeley Existential Risk Initiative (BERI)",organization,AI Safety/Alignment
1110,"Berkeley Institute for Data Science",organization,Academic
96,"Bernie Sanders",person,Policymaker
969,"Betsey Stevenson",person,Academic
665,"Biden signs U.S.' first AI executive order to create safeguards",resource,
1426,"Bill Cassidy",person,Policymaker
1009,"Bill Gates",person,Investor
1549,"Bill Morris",person,Executive
1120,"Billy Perrigo",person,Journalist
1509,"Bill Zito",person,Executive
1517,"Bipartisan Policy Center",organization,Think Tank/Policy Org
702,"Blackburn Unveils National Policy Framework for Artificial Intelligence - U.S. S...",resource,
1367,"Black in AI",organization,Labor/Civil Society
1076,"BlackRock",organization,VC/Capital/Philanthropy
1317,"Block Center for Technology and Society",organization,Academic
865,"Bloomberg",organization,Media/Journalism
221,"BlueDot Impact",organization,AI Safety/Alignment
639,"Blueprint for an AI Bill of Rights",resource,
1229,"Børge Brende",person,Organizer
557,"Bounded Regret",resource,
1768,"Brad Carson",person,Organizer
1196,"Brad Smith",person,Executive
801,"Brandon Tseng",person,Executive
942,"Brian Christian",person,Cultural figure
98,"Brian Deese",person,Policymaker
1460,"Brian Long",person,Executive
7,"Brian Schatz",person,Policymaker
1455,"British Standards Institute",organization,Think Tank/Policy Org
1579,"Brittney G",person,Executive
124,"Brookings Institution",organization,Think Tank/Policy Org
1047,"Brown University",organization,Academic
45,"Bruce Reed",person,Policymaker
1566,"Bryan Parno",person,Academic
1713,"Bryce Robertson",person,Organizer
1507,"Buck Shlegeris",person,Executive
256,"Buddhism & AI Initiative",organization,AI Safety/Alignment
1792,"Bureau of Cyberspace and Digital Policy (CDP)",organization,Government/Agency
1789,"Bureau of Industry and Security (BIS)",organization,Government/Agency
1401,"ByteDance",organization,Deployers & Platforms
877,"Cade Metz",person,Journalist
151,"Cadenza Labs",organization,AI Safety/Alignment
1159,"California Department of General Services",organization,Government/Agency
1161,"California Department of Human Resources",organization,Government/Agency
1160,"California Department of Technology",organization,Government/Agency
1029,"California State Senate",organization,Government/Agency
1691,"Cambridge AI Safety Hub",organization,AI Safety/Alignment
319,"Cambridge Boston Alignment Initiative (CBAI)",organization,AI Safety/Alignment
410,"Cambridge ERA:AI Fellowship",organization,Academic
1812,"Cameron Stanley",person,Policymaker
1572,"Cameron Tice",person,Researcher
1204,"Camille Carlton",person,Organizer
422,"Campaign for AI Safety",organization,AI Safety/Alignment
872,"Campaign to Stop Killer Robots",organization,Labor/Civil Society
1550,"Canadian Journalism Foundation",organization,Media/Journalism
689,"Canaries in the Coal Mine? Six Facts about the Recent Employment Effects of Artificial Intelligence",resource,
578,"Can We Secure AI With Formal Methods?",resource,
1519,"Cara LaPointe",person,Researcher
1850,"Carina Prunkl",person,Researcher
1785,"Cari Tuna",person,Investor
726,"Carlos De La Cruz",person,Policymaker
1765,"Carnegie Corporation of New York",organization,VC/Capital/Philanthropy
1078,"Carnegie Mellon University",organization,Academic
1284,"Carol L. Folt",person,Academic
1203,"Casey Mock",person,Organizer
4,"Casey Newton",person,Journalist
731,"Cassava Technologies",organization,Deployers & Platforms
300,"Catalyze Impact",organization,VC/Capital/Philanthropy
1418,"Catherine Cortez Masto",person,Policymaker
1232,"Cathy Li",person,Executive
926,"Cathy O'Neil",person,Researcher
373,"Cavendish Labs",organization,AI Safety/Alignment
774,"C.C. Wei",person,Executive
1601,"Cecilia Elena Tilli",person,Organizer
443,"Center for AI Policy (CAIP)",organization,AI Safety/Alignment
365,"Center for AI Risk Management & Alignment (CARMA)",organization,AI Safety/Alignment
1715,"Center for AI Safety Action Fund",organization,AI Safety/Alignment
209,"Center for AI Safety (CAIS)",organization,AI Safety/Alignment
205,"Center for AI Standards and Innovation (CAISI)",organization,Government/Agency
231,"Center for American Progress",organization,Think Tank/Policy Org
224,"Center for a New American Security (CNAS)",organization,Think Tank/Policy Org
1293,"Center for Community-Engaged Artificial Intelligence",organization,Academic
1735,"Center for Data Science",organization,Academic
907,"Center for Democracy & Technology",organization,Ethics/Bias/Rights
219,"Center for Human-Compatible AI (CHAI)",organization,Academic
1051,"Center for Humane Technology",organization,Ethics/Bias/Rights
291,"Center for Law & AI Risk",organization,Think Tank/Policy Org
274,"Center for Long-Term Cybersecurity",organization,Academic
131,"Center for Security and Emerging Technology (CSET)",organization,Think Tank/Policy Org
349,"Center for Strategic and International Studies (CSIS)",organization,Think Tank/Policy Org
130,"Center on Long-Term Risk",organization,AI Safety/Alignment
435,"Centre for Enabling EA Learning & Research (CEEALAR)",organization,AI Safety/Alignment
293,"Centre for Future Generations",organization,Think Tank/Policy Org
230,"Centre for Long-Term Resilience",organization,Think Tank/Policy Org
225,"Centre for the Governance of AI (GovAI)",organization,Think Tank/Policy Org
310,"Centre for the Study of Existential Risk (CSER)",organization,Academic
433,"Centre pour la Sécurité de l'IA (CeSIA)",organization,AI Safety/Alignment
1675,"Charles University",organization,Academic
1556,"Charlie Rogers-Smith",person,Researcher
361,"China AI Safety & Development Association (CnAISDA)",organization,Think Tank/Policy Org
558,"ChinaTalk",resource,
628,"Chip War",resource,
71,"Chris Coons",person,Policymaker
717,"Chris Gober",person,Policymaker
99,"Chris Lehane",person,Executive
41,"Chris Murphy",person,Policymaker
823,"Chris Olah",person,Researcher
1012,"Chris Smalls",person,Organizer
1386,"Christoph Lassner",person,Executive
2,"Chuck Schumer",person,Policymaker
917,"Cindy Cohn",person,Organizer
913,"CISA",organization,Government/Agency
1640,"Cisco Investments",organization,VC/Capital/Philanthropy
1191,"City University of New York",organization,Academic
1062,"Civic Signals",organization,Think Tank/Policy Org
1449,"Claire Cardie",person,Academic
1503,"Claire Zabel",person,Executive
1796,"Clare Martorana",person,Policymaker
1312,"Clarifai",organization,Deployers & Platforms
1565,"Clark Barrett",person,Academic
1350,"Clay Bavor",person,Executive
721,"Clay Fuller",person,Policymaker
727,"Cloudflare",organization,Infrastructure & Compute
1371,"Club for Growth Action",organization,Political Campaign/PAC
128,"Coefficient Giving (formerly Open Philanthropy)",organization,VC/Capital/Philanthropy
1240,"Cognizant",organization,Deployers & Platforms
1787,"Cohere",organization,Frontier Lab
1104,"Coinbase",organization,Deployers & Platforms
559,"Cold Takes",resource,
722,"Colin Allred",person,Policymaker
287,"Collective Action for Existential Safety (CAES)",organization,AI Safety/Alignment
958,"Collective Intelligence Project",organization,Think Tank/Policy Org
1577,"Colleen Mckenzie",person,Organizer
1435,"Collège de France",organization,Academic
1313,"College of Computing, Data Science, and Society",organization,Academic
1176,"College of Connected Computing",organization,Academic
641,"Colorado AI anti-discrimination law",resource,
1345,"Colorado AI Policy Work Group",organization,Think Tank/Policy Org
1444,"Columbia Law School",organization,Academic
1048,"Columbia University",organization,Academic
667,"Common Ground between AI 2027 & AI as Normal Technology",resource,
1061,"Common Sense Media",organization,Ethics/Bias/Rights
215,"Compassion in Machine Learning (CaML)",organization,AI Safety/Alignment
354,"Computational and Biological Learning Lab (University of Cambridge)",organization,Academic
353,"Computational Rational Agents Laboratory (CORAL)",organization,AI Safety/Alignment
670,"Computing Power and the Governance of Artificial Intelligence",resource,
1481,"Congressional Artificial Intelligence Caucus",organization,Government/Agency
220,"Conjecture",organization,AI Safety/Alignment
1690,"Connor Axiotes",person,Executive
824,"Connor Leahy",person,Researcher
1643,"Conor McGurk",person,Organizer
364,"Constellation Institute",organization,AI Safety/Alignment
1803,"Constitutional AI: Harmlessness from AI Feedback",resource,
269,"Contramont Research",organization,AI Safety/Alignment
246,"ControlAI",organization,Labor/Civil Society
408,"Convergence Analysis",organization,Think Tank/Policy Org
162,"Cooperative AI Foundation",organization,VC/Capital/Philanthropy
189,"Cooperative AI Summer School",organization,Academic
374,"Coordinal Research",organization,AI Safety/Alignment
1802,"Core Views on AI Safety",resource,
1363,"Cornell University",organization,Academic
24,"Cory Booker",person,Policymaker
940,"Cory Doctorow",person,Cultural figure
1106,"Cory Gardner",person,Policymaker
918,"Corynne McSherry",person,Organizer
1067,"Council on Foreign Relations",organization,Think Tank/Policy Org
1075,"Coursera",organization,Academic
1294,"Court Watch NOLA",organization,Labor/Civil Society
1794,"Craig Martell",person,Policymaker
1464,"Craig Newmark Graduate School of Journalism",organization,Media/Journalism
1222,"Craig Newmark Philanthropies",organization,VC/Capital/Philanthropy
893,"Craig Smith",person,Journalist
954,"Creative Destruction Lab",organization,Academic
759,"Credo AI",organization,AI Safety/Alignment
668,"Crisp and Fuzzy Tasks",resource,
771,"Cristiano Amon",person,Executive
1299,"CTBT organization",organization,Government/Agency
142,"Cyborgism",organization,AI Safety/Alignment
32,"Cynthia Lummis",person,Policymaker
1131,"DAF-MIT AI Accelerator",organization,Government/Agency
875,"DAIR",organization,Ethics/Bias/Rights
1052,"DAIR Institute",organization,Ethics/Bias/Rights
921,"danah boyd",person,Academic
93,"Dan Hendrycks",person,Researcher
13,"Daniela Amodei",person,Executive
977,"Daniela Rus",person,Academic
1205,"Daniel Barcay",person,Executive
1553,"Daniel Clothiaux",person,Researcher
1767,"Daniel Colson",person,Organizer
1175,"Daniel Diermeier",person,Academic
1783,"Daniel Filan",person,Researcher
1649,"Daniel Gross",person,Executive
94,"Daniel Ho",person,Academic
59,"Daniel Kokotajlo",person,Researcher
982,"Danielle Allen",person,Academic
1201,"Danielle Li",person,Academic
1650,"Daniel Levy",person,Executive
1655,"Daniel Murfet",person,Researcher
560,"Daniel Paleka's Newsletter",resource,
967,"Daniel Susskind",person,Academic
69,"Dan Kagan-Kans",person,Journalist
65,"Dan Wang",person,Journalist
1245,"Daphne Koller",person,Academic
1171,"Darden School of Business",organization,Academic
8,"Dario Amodei",person,Executive
1179,"Darktrace",organization,Deployers & Platforms
52,"Daron Acemoglu",person,Academic
1083,"DARPA",organization,Government/Agency
1497,"Darrell M. West",person,Researcher
1188,"Dartmouth College",organization,Academic
1323,"Data Collective",organization,VC/Capital/Philanthropy
906,"Data & Society",organization,Ethics/Bias/Rights
245,"Data Workers' Inquiry",organization,Labor/Civil Society
1411,"Dave McCormick",person,Policymaker
962,"David Autor",person,Academic
1352,"David Chalmers",person,Academic
1547,"David Duvenaud",person,Academic
14,"David Evan Harris",person,Academic
796,"David Ha",person,Executive
775,"David Holz",person,Executive
839,"David Krueger",person,Academic
1273,"David Marchick",person,Academic
1603,"David Norman",person,Executive
42,"David Sacks",person,Policymaker
1703,"David Singleton",person,Executive
1695,"Dawn Drescher",person,Researcher
630,"Dean Ball ""How I Approach AI Policy""",resource,
1834,"Deepa Seetharaman",person,Journalist
1074,"DeepLearning.AI",organization,Academic
561,"DeepMind Safety Research",resource,
214,"DeepSeek",organization,Frontier Lab
711,"Defending Our Values PAC",organization,Political Campaign/PAC
1608,"Delphi Ventures",organization,VC/Capital/Philanthropy
33,"Demis Hassabis",person,Executive
1040,"Democratic Party",organization,Political Campaign/PAC
802,"Denise Herzing",person,Researcher
1774,"Department for Science, Innovation and Technology",organization,Government/Agency
914,"Department of Commerce",organization,Government/Agency
1420,"Department of Defense",organization,Government/Agency
1417,"Department of Energy",organization,Government/Agency
1706,"Department of Homeland Security",organization,Government/Agency
912,"Department of Justice",organization,Government/Agency
1518,"Dewey Murdick",person,Academic
1302,"Dick Durbin",person,Policymaker
631,"Digitalist Papers Vol. 2",resource,
620,"Dignity in a Digital Age",resource,
1709,"Diogo de Lucena",person,Researcher
993,"Divya Siddarth",person,Researcher
1103,"Donald Trump",person,Policymaker
335,"Donations List Website",organization,Media/Journalism
114,"Don Beyer",person,Policymaker
562,"Don't Worry about the Vase",resource,
606,"Doom Debates",resource,
1813,"Douglas Matty",person,Policymaker
1845,"Douglas Rushkoff",person,Academic
346,"Dovetail Research",organization,AI Safety/Alignment
713,"Dream NYC",organization,Political Campaign/PAC
1269,"Dr. Ian McCulloh",person,Academic
1776,"Dr Jess Whittlestone",person,Organizer
607,"Dr Waku",resource,
1651,"DST Global",organization,VC/Capital/Philanthropy
64,"Duncan Crabtree-Ireland",person,Organizer
90,"Dustin Moskovitz",person,Investor
1639,"Dutch Network for AI Safety",organization,AI Safety/Alignment
1220,"Duy Nguyen",person,Researcher
892,"Dwarkesh Patel",person,Journalist
584,"Dwarkesh Podcast",resource,
1208,"Dylan Baker",person,Researcher
1219,"Dylan Freedman",person,Researcher
327,"Dylan Hadfield-Menell",person,Academic
281,"EA Infrastructure Fund",organization,VC/Capital/Philanthropy
242,"EA Long-Term Future Fund",organization,VC/Capital/Philanthropy
1762,"Economic Security Action California",organization,Think Tank/Policy Org
955,"EconTAI",organization,Academic
113,"Ed Markey",person,Policymaker
62,"Ed Newton-Rex",person,Organizer
1151,"Education and Workforce Committee",organization,Government/Agency
797,"Edwin Chen",person,Executive
598,"Effective Altruism Domains",resource,
599,"Effective Altruism Forum",resource,
160,"Effective Institutions Project",organization,Think Tank/Policy Org
143,"Effective Thesis",organization,Academic
1766,"Effective Ventures",organization,VC/Capital/Philanthropy
989,"E. Glen Weyl",person,Researcher
854,"Elad Gil",person,Investor
1732,"Electric Sheep",organization,AI Safety/Alignment
904,"Electronic Frontier Foundation",organization,Ethics/Bias/Rights
1114,"Element AI",organization,VC/Capital/Philanthropy
1665,"Elena Andreicheva",person,Cultural figure
1351,"Eleos AI",organization,AI Safety/Alignment
273,"EleutherAI",organization,AI Safety/Alignment
752,"ElevenLabs",organization,Deployers & Platforms
931,"Elham Tabassi",person,Policymaker
1610,"Elicit",organization,Deployers & Platforms
22,"Eliezer Yudkowsky",person,Researcher
1395,"Eli Lifland",person,Researcher
1506,"Eli Rose",person,Organizer
1720,"EliseAI",organization,Deployers & Platforms
1793,"Elizabeth Kelly",person,Policymaker
1476,"Elizabeth Warren",person,Policymaker
1186,"Ellie Pavlick",person,Academic
106,"Elliston Berry",person,Organizer
48,"Elon Musk",person,Executive
1056,"Emerson Collective",organization,VC/Capital/Philanthropy
831,"Emily Bender",person,Academic
1760,"Emily Soice",person,Organizer
1563,"Emmett Shear",person,Executive
1316,"Emory AI Group",organization,Academic
1315,"Emory University",organization,Academic
1492,"Empire AI",organization,Government/Agency
1431,"Encode AI",organization,Think Tank/Policy Org
870,"Encode Justice",organization,Labor/Civil Society
1184,"Engineering and Physical Sciences Research Council",organization,Government/Agency
812,"Entrepreneur First",organization,VC/Capital/Philanthropy
1562,"Eoghan Stafford",person,Researcher
158,"Epoch AI",organization,AI Safety/Alignment
149,"Equilibria Network",organization,AI Safety/Alignment
375,"EquiStamp",organization,AI Safety/Alignment
156,"Ergo Impact",organization,VC/Capital/Philanthropy
1289,"Eric Bradlow",person,Academic
1769,"Eric Gastfriend",person,Organizer
1538,"Eric Ho",person,Executive
855,"Eric Schmidt",person,Executive
1465,"Eric Schmitt",person,Policymaker
1286,"Erika James",person,Academic
100,"Erik Brynjolfsson",person,Academic
1635,"Esben Kran",person,Researcher
887,"Ethan Mollick",person,Academic
635,"EU AI Act",resource,
984,"Eugene Volokh",person,Academic
234,"European AI Office",organization,Government/Agency
1262,"European Artificial Intelligence Board",organization,Government/Agency
915,"European Commission",organization,Government/Agency
176,"European Network for AI Safety (ENAIS)",organization,AI Safety/Alignment
1082,"European Union",organization,Government/Agency
250,"Evitable",organization,AI Safety/Alignment
1182,"Evolution AI",organization,Deployers & Platforms
650,"Executive Order on Safe, Secure, and Trustworthy AI",resource,
138,"Existential Risk Observatory",organization,AI Safety/Alignment
289,"Explainable",organization,Media/Journalism
820,"Exponential View",organization,Media/Journalism
67,"Ezra Klein",person,Journalist
1070,"Facebook AI Research (FAIR)",organization,Frontier Lab
664,"FACT SHEET: Biden-Harris Administration Executive Order Directs DHS to Lead the Responsible Development of Artificial Intelligence | Homeland Security",resource,
244,"Fairly Trained",organization,Labor/Civil Society
185,"FAR.AI",organization,AI Safety/Alignment
609,"FAR․AI YouTube channel",resource,
1615,"Fazl Barez",person,Researcher
909,"Federal Trade Commission",organization,Government/Agency
1357,"Federation of American Scientists",organization,Think Tank/Policy Org
55,"Fei-Fei Li",person,Academic
734,"Fidji Simo",person,Executive
866,"Financial Times",organization,Media/Journalism
968,"Fiona Scott Morton",person,Academic
1831,"Forbes",organization,Media/Journalism
1390,"Ford Foundation",organization,VC/Capital/Philanthropy
157,"Forecasting Research Institute",organization,Think Tank/Policy Org
192,"Foresight Institute",organization,Think Tank/Policy Org
183,"Forethought (AI Safety Research Nonprofit)",organization,AI Safety/Alignment
1216,"Formation Bio",organization,Deployers & Platforms
331,"Formation Research",organization,AI Safety/Alignment
1596,"Forward Global",organization,Think Tank/Policy Org
666,"Foundational Challenges in Assuring Alignment and Safety of Large Language Models",resource,
134,"Founders Fund",organization,VC/Capital/Philanthropy
1597,"Founders Pledge",organization,Think Tank/Policy Org
1784,"Frances Lorenz",person,Organizer
1231,"Francisco Betti",person,Organizer
1187,"Francis J. Doyle III",person,Academic
36,"Fran Drescher",person,Organizer
111,"Frank Lucas",person,Policymaker
979,"Frank Pasquale",person,Academic
768,"Fred Hutchinson Cancer Center",organization,Academic
197,"From AI to ZI",organization,AI Safety/Alignment
264,"Frontier AI Safety Research",organization,AI Safety/Alignment
757,"FutureHouse",organization,AI Safety/Alignment
321,"Future Impact Group: Fellowship",organization,Academic
295,"Future Matters",organization,Think Tank/Policy Org
236,"Future of Humanity Institute (closed 2024)",organization,Academic
229,"Future of Life Institute",organization,Think Tank/Policy Org
585,"Future of Life Institute Podcast",resource,
1642,"Fynn Heide",person,Organizer
1748,"Gabriel Alfour",person,Researcher
1441,"Gabriel Unger",person,Academic
53,"Ganesh Sitaraman",person,Academic
1843,"Garrison Lovely",person,Journalist
990,"Gary Marcus",person,Researcher
109,"Gary Peters",person,Policymaker
1055,"Gates Foundation",organization,VC/Capital/Philanthropy
116,"Gavin Newsom",person,Policymaker
1699,"General Services Administration",organization,Government/Agency
423,"generative.ink",organization,AI Safety/Alignment
153,"Geodesic Research",organization,AI Safety/Alignment
1282,"Geoff Garrett",person,Academic
821,"Geoffrey Hinton",person,Academic
1480,"George Mason University",organization,Academic
1079,"Georgetown University",organization,Academic
1634,"Gergő Gáspár",person,Organizer
1688,"Gigafund",organization,VC/Capital/Philanthropy
1291,"Giles Hooker",person,Academic
1599,"Gillian Hadfield",person,Academic
34,"Gina Raimondo",person,Policymaker
198,"GiveWiki",organization,VC/Capital/Philanthropy
283,"Giving What We Can",organization,VC/Capital/Philanthropy
1146,"Global AI Frontier Lab",organization,Government/Agency
297,"Global AI Moratorium (GAIM)",organization,AI Safety/Alignment
308,"Global Catastrophic Risk Institute",organization,AI Safety/Alignment
322,"Global Challenges Project",organization,Academic
309,"Global Partnership on AI",organization,Government/Agency
372,"Global Priorities Institute (University of Oxford)",organization,Academic
1602,"Goda Mockutė",person,Organizer
294,"Good Ancestors",organization,Think Tank/Policy Org
139,"Goodfire",organization,AI Safety/Alignment
1583,"Good Ventures",organization,VC/Capital/Philanthropy
1041,"Google",organization,Deployers & Platforms
1065,"Google Brain",organization,Frontier Lab
146,"Google DeepMind",organization,Frontier Lab
1066,"Google Research",organization,Frontier Lab
1228,"Gordon M. Goldstein",person,Policymaker
548,"Governing AI: A Blueprint for the Future",resource,
624,"Governing the Commons",resource,
1322,"Government of Canada",organization,Government/Agency
1158,"Government Operations Agency",organization,Government/Agency
126,"Gray Swan",organization,AI Safety/Alignment
1653,"Greenoaks Capital",organization,VC/Capital/Philanthropy
89,"Greg Abbott",person,Policymaker
1346,"Greg Brockman",person,Executive
1224,"Greg Corrado",person,Researcher
1816,"Greg Hager",person,Academic
1811,"Gregory C. Allen",person,Researcher
808,"Greylock",organization,VC/Capital/Philanthropy
1723,"Guillaume Lample",person,Researcher
1274,"Gwanhoo Lee",person,Academic
286,"Halcyon Futures",organization,VC/Capital/Philanthropy
1775,"Hamish Hobbs",person,Organizer
275,"Harmony Intelligence",organization,AI Safety/Alignment
1739,"Harshita Khera",person,Organizer
951,"Harvard Ash Center",organization,Academic
952,"Harvard Berkman Klein Center",organization,Academic
1389,"Harvard Faculty of Arts and Sciences",organization,Academic
1021,"Harvard University",organization,Academic
1833,"Hayden Field",person,Journalist
1210,"HEC Montréal",organization,Academic
104,"Heidy Khlaaf",person,Researcher
986,"Hélène Landemore",person,Academic
825,"Helen Toner",person,Academic
1347,"Helion Energy",organization,Infrastructure & Compute
985,"Henry Farrell",person,Academic
1626,"Henry Papadatos",person,Executive
1254,"Herb Simon",person,Researcher
352,"Heron AI Security Initiative",organization,AI Safety/Alignment
1380,"High-Flyer AI",organization,Frontier Lab
258,"High Impact Professionals",organization,Labor/Civil Society
663,"Highlights of the 2023 Executive Order on Artificial ...",resource,
61,"Holden Karnofsky",person,Researcher
1149,"House Bipartisan Task Force on Artificial Intelligence",organization,Government/Agency
1150,"House Committee on Science Space & Tech",organization,Government/Agency
1469,"House Democratic Commission on AI and the Innovation Economy",organization,Government/Agency
1755,"Howie Lempel",person,Organizer
144,"How to pursue a career in technical AI alignment",organization,AI Safety/Alignment
742,"Huawei",organization,Infrastructure & Compute
1704,"Hugo Barra",person,Executive
755,"Humain",organization,Frontier Lab
411,"Human-aligned AI Summer School",organization,Academic
643,"Human Compatible",resource,
817,"Humane Intelligence",organization,Ethics/Bias/Rights
1522,"Human Rights Data Analysis Group",organization,Ethics/Bias/Rights
871,"Human Rights Watch",organization,Ethics/Bias/Rights
1016,"Humans First",organization,Labor/Civil Society
298,"Humans in Control",organization,AI Safety/Alignment
1115,"Ian Goodfellow",person,Researcher
860,"Ian Hogarth",person,Investor
1192,"IBM",organization,Deployers & Platforms
1303,"Idaho National Laboratory",organization,Government/Agency
1828,"Igor Babuschkin",person,Researcher
766,"IIT Madras",organization,Academic
337,"Iliad",organization,AI Safety/Alignment
329,"ILINA Program",organization,Think Tank/Policy Org
835,"Ilya Sutskever",person,Researcher
413,"Impact Academy: Global AI Safety Fellowship",organization,AI Safety/Alignment
399,"Impact Ops",organization,AI Safety/Alignment
414,"Impact Research Groups",organization,Academic
579,"Import AI",resource,
1391,"Indian Institute of Technology, Kanpur",organization,Academic
1788,"Inflection AI",organization,Frontier Lab
1770,"Information Technology Industry Council",organization,Think Tank/Policy Org
1213,"Inovia Capital",organization,VC/Capital/Philanthropy
1239,"In-Q-Tel",organization,VC/Capital/Philanthropy
191,"Institute for AI Policy and Strategy (IAPS)",organization,AI Safety/Alignment
439,"Institute for AI Policy and Strategy (IAPS) AI Policy Fellowship",organization,Think Tank/Policy Org
1147,"Institute for Information & Communications Technology Planning & Evaluation",organization,Government/Agency
429,"Institute for Law & AI (LawAI)",organization,Think Tank/Policy Org
186,"Intelligence Rising",organization,AI Safety/Alignment
431,"International AI Governance Alliance (IAIGA)",organization,AI Safety/Alignment
653,"International AI Safety Report",resource,
1117,"International Association for Safe and Ethical AI",organization,AI Safety/Alignment
432,"International Association for Safe & Ethical AI (IASEAI)",organization,AI Safety/Alignment
1259,"International Telecommunication Union",organization,Government/Agency
1155,"International Trade Administration",organization,Government/Agency
970,"Ioana Marinescu",person,Academic
1645,"Isabella Duan",person,Researcher
1809,"Ivan Zhang",person,Executive
842,"Jaan Tallinn",person,Investor
724,"Jace Yarbrough",person,Policymaker
829,"Jack Clark",person,Researcher
81,"Jacky Rosen",person,Policymaker
1824,"Jacob Andreou",person,Executive
1429,"Jacob Helberg",person,Policymaker
1737,"Jacob Hilton",person,Executive
838,"Jacob Steinhardt",person,Academic
1585,"Jaime Sevilla",person,Researcher
16,"Jakub Pachocki",person,Researcher
1623,"James Chua",person,Researcher
1822,"James Manyika",person,Executive
790,"James Peng",person,Executive
880,"James Vincent",person,Journalist
1754,"Jamie Bernardi",person,Organizer
1622,"Jan Betley",person,Researcher
920,"Janet Haven",person,Organizer
1676,"Jan Kulveit",person,Researcher
822,"Jan Leike",person,Researcher
1552,"janus",person,Researcher
50,"Jared Kaplan",person,Executive
17,"Jared Polis",person,Policymaker
1846,"Jaron Lanier",person,Cultural figure
1729,"Jasmine Brazilek",person,Researcher
974,"Jason Furman",person,Academic
1797,"Jason Green-Lowe",person,Organizer
826,"Jason Matheny",person,Executive
117,"Jay Obernolte",person,Policymaker
1320,"Jean-François Gagné",person,Executive
1413,"Jeanne Shaheen",person,Policymaker
1223,"Jeff Dean",person,Researcher
1450,"Jeff Hancock",person,Academic
805,"Jeff Leek",person,Executive
46,"Jeffrey Kessler",person,Policymaker
933,"Jen Easterly",person,Policymaker
28,"Jennifer Pahlka",person,Organizer
1682,"Jenny Marron",person,Executive
733,"Jensen Huang",person,Executive
1555,"Jérémy Andréoletti",person,Researcher
1702,"Jérôme Pesenti",person,Executive
1152,"Jerry McNerney",person,Policymaker
77,"Jerry Moran",person,Policymaker
1594,"Jesse Clifton",person,Organizer
1654,"Jesse Hoogland",person,Executive
715,"Jesse Jackson Jr.",person,Policymaker
719,"Jessica Steinmann",person,Policymaker
1423,"Jim Banks",person,Policymaker
1101,"Jim Risch",person,Policymaker
1337,"Joanna Rodriguez",person,Policymaker
51,"Joanne Jang",person,Researcher
712,"Jobs and Democracy PAC",organization,Political Campaign/PAC
1376,"Joe Biden",person,Policymaker
1823,"Joel Kaplan",person,Executive
1825,"Joelle Pineau",person,Executive
857,"Joe Lonsdale",person,Investor
1692,"Joey Skaf",person,Organizer
1711,"John Bargh",person,Academic
1750,"John Collison",person,Executive
1388,"John Etchemendy",person,Academic
78,"John Hickenlooper",person,Policymaker
1105,"John Kennedy",person,Policymaker
1366,"John M. Jumper",person,Researcher
836,"John Schulman",person,Researcher
1267,"Johns Hopkins Applied Physics Laboratory",organization,Academic
1086,"Johns Hopkins University",organization,Academic
1451,"John Tasioulas",person,Academic
1425,"John Thune",person,Policymaker
261,"John Wentworth",person,Researcher
70,"Joi Ito",person,Academic
1421,"Joint Economic Committee",organization,Government/Agency
1592,"Jonas Vollmer",person,Executive
1636,"Jonathan Claybrough",person,Organizer
932,"Jonathan Kanter",person,Policymaker
79,"Jon Husted",person,Policymaker
75,"Joni Ernst",person,Policymaker
964,"Joseph Stiglitz",person,Academic
1471,"Josh Gottheimer",person,Policymaker
1422,"Josh Hawley",person,Policymaker
966,"Joshua Gans",person,Academic
63,"Joshua Kushner",person,Investor
856,"Josh Wolfe",person,Investor
20,"Josh Woodward",person,Executive
916,"Joy Buolamwini",person,Researcher
1708,"Judd Rosenblatt",person,Executive
1400,"Jukedeck",organization,Deployers & Platforms
1173,"Jules White",person,Academic
1647,"Juliana Eberschlag",person,Organizer
167,"Juniper Ventures",organization,VC/Capital/Philanthropy
1292,"Jurist Center for Artificial Intelligence",organization,Academic
1385,"Justin Johnson",person,Executive
800,"Kakul Srivastava",person,Executive
1637,"Kambar Orazbekov",person,Organizer
886,"Kara Swisher",person,Journalist
107,"Karen Hao",person,Journalist
1810,"Karén Simonyan",person,Researcher
1664,"Karl Berzins",person,Executive
1287,"Kartik Hosanagar",person,Academic
1013,"Kashmir Hill",person,Journalist
1631,"Kate Brennan",person,Executive
939,"Kate Crawford",person,Academic
1199,"Kate Kellogg",person,Academic
1673,"Kate Larson",person,Academic
1355,"Kathleen Finlinson",person,Researcher
121,"Kathy Hochul",person,Policymaker
1119,"Katie Britt",person,Policymaker
1133,"Kempner Institute",organization,Academic
1482,"Ken Buck",person,Policymaker
1564,"Ken Stanley",person,Researcher
1015,"Kevin Kelly",person,Cultural figure
878,"Kevin Roose",person,Journalist
1827,"Kevin Weil",person,Executive
1288,"Kevin Werbach",person,Academic
1214,"Khan Academy",organization,Deployers & Platforms
806,"Khosla Ventures",organization,VC/Capital/Philanthropy
15,"Kim Stanley Robinson",person,Cultural figure
756,"KoBold Metals",organization,Deployers & Platforms
1620,"Koen Holtman",person,Researcher
1821,"Koray Kavukcuoglu",person,Executive
355,"Krueger AI Safety Lab (KASL)",organization,Academic
25,"Kyle Fish",person,Researcher
1573,"Kyle O'Brien",person,Researcher
1738,"Kyle Scott",person,Organizer
1832,"Kylie Robison",person,Journalist
1145,"Kyunghyun Cho",person,Academic
704,"Labor Demand in the Age of Generative AI : Early Evidence from the U.S. Job Posting Data",resource,
1244,"LandingAI",organization,Deployers & Platforms
1247,"Larry Fink",person,Executive
56,"Latanya Sweeney",person,Academic
1010,"Laurene Powell Jobs",person,Investor
1721,"Lauren Mangla",person,Researcher
720,"Laurie Buckhout",person,Policymaker
930,"Laurie Locascio",person,Policymaker
963,"Lawrence Katz",person,Academic
21,"Lawrence Lessig",person,Academic
1477,"Lawyers' Committee for Civil Rights Under Law",organization,Ethics/Bias/Rights
376,"LawZero",organization,AI Safety/Alignment
708,"Leading the Future",organization,Political Campaign/PAC
193,"Leaf: Dilemmas and Dangers in AI",organization,Academic
1529,"Leah Harrison",person,Journalist
252,"Legal Advocates for Safe Science and Technology",organization,AI Safety/Alignment
253,"Legal Safety Lab",organization,AI Safety/Alignment
1588,"Lennart Heim",person,Researcher
888,"Leopold Aschenbrenner",person,Researcher
600,"LessWrong",resource,
610,"Lethal Intelligence",resource,
461,"Leverhulme Centre for the Future of Intelligence",organization,Academic
1600,"Lewis Hammond",person,Researcher
891,"Lex Fridman",person,Journalist
652,"Lex Fridman Podcast (AI episodes)",resource,
49,"Liang Wenfeng",person,Executive
656,"Life 3.0: Being Human in the Age of AI",resource,
302,"Lightcone Infrastructure",organization,AI Safety/Alignment
338,"Lightspeed Grants",organization,VC/Capital/Philanthropy
1557,"Lila Ibrahim",person,Executive
1759,"Lily Sands",person,Executive
988,"Lily Tsai",person,Academic
928,"Lina Khan",person,Policymaker
1670,"Linda Linsefors",person,Organizer
1443,"Lindsey Raymond",person,Researcher
1170,"LinkedIn",organization,Deployers & Platforms
163,"Lionheart Ventures",organization,VC/Capital/Philanthropy
1440,"Lisa Hansmann",person,Policymaker
1370,"Lisa Takeuchi Cullen",person,Organizer
901,"Liz Shuler",person,Organizer
325,"London AI Safety Research Labs (LASR Labs)",organization,AI Safety/Alignment
203,"London Initiative for Safe AI (LISA)",organization,AI Safety/Alignment
284,"Long-Term Future Fund",organization,VC/Capital/Philanthropy
387,"Longview Philanthropy",organization,VC/Capital/Philanthropy
1569,"LTFF",organization,VC/Capital/Philanthropy
1504,"Luke Muehlhauser",person,Organizer
377,"Luthien",organization,AI Safety/Alignment
809,"Lux Capital",organization,VC/Capital/Philanthropy
118,"Lynne Parker",person,Policymaker
1525,"MacArthur Foundation",organization,VC/Capital/Philanthropy
341,"Machine Intelligence Research Institute (MIRI)",organization,AI Safety/Alignment
202,"Machine Learning for Alignment Bootcamp (MLAB)",organization,AI Safety/Alignment
1734,"Machine Learning for Language (ML2)",organization,Academic
695,"Machines of Loving Grace",resource,
1249,"Macquarie Asset Management",organization,VC/Capital/Philanthropy
159,"Macroscopic Ventures",organization,VC/Capital/Philanthropy
883,"Madhumita Murgia",person,Journalist
76,"Maggie Hassan",person,Policymaker
786,"Maithra Raghu",person,Executive
1627,"Malcolm Murray",person,Researcher
313,"Manifold Markets",organization,Media/Journalism
227,"Manifund",organization,VC/Capital/Philanthropy
1318,"Manish Parashar",person,Academic
3,"Marc Andreessen",person,Investor
1123,"Marc Benioff",person,Executive
1710,"Marc Carauleanu",person,Executive
1619,"Marcel Mir Teijeiro",person,Researcher
1006,"Marco Rubio",person,Policymaker
1666,"Marc Warner",person,Executive
1368,"Margaret Mitchell",person,Researcher
935,"Margrethe Vestager",person,Policymaker
1230,"Maria Basso",person,Executive
110,"Maria Cantwell",person,Policymaker
1591,"Maria de la Lama",person,Executive
54,"Mariana Mazzucato",person,Academic
996,"Marietje Schaake",person,Policymaker
1646,"Mario Gibney",person,Organizer
60,"Marius Hobbhahn",person,Researcher
1344,"Mark Chen",person,Executive
1696,"Mark D. Gray",person,Policymaker
1496,"Mark Muro",person,Researcher
1334,"Mark Nitzberg",person,Executive
1815,"Mark R. Meador",person,Policymaker
898,"Mark Surman",person,Organizer
87,"Mark Warner",person,Policymaker
47,"Mark Zuckerberg",person,Executive
11,"Marsha Blackburn",person,Policymaker
1617,"Marta Ziosi",person,Researcher
850,"Martin Casado",person,Investor
72,"Martin Heinrich",person,Policymaker
896,"Mary Wareham",person,Organizer
778,"Masayoshi Son",person,Investor
1134,"Massachusetts Green High Performance Computing Center",organization,Infrastructure & Compute
1020,"Massachusetts Institute of Technology",organization,Academic
788,"Mati Staniszewski",person,Executive
1530,"Matt Botvinick",person,Researcher
859,"Matt Clifford",person,Investor
1166,"Matt Damschroder",person,Policymaker
1499,"Matt Fredrikson",person,Academic
1177,"Matthew Johnson-Roberson",person,Academic
732,"Matthew Prince",person,Executive
884,"Matt O'Brien",person,Journalist
1430,"Matt Pottinger",person,Policymaker
1452,"Matt Salganik",person,Academic
1263,"Matt Turek",person,Policymaker
1657,"Max Dalton",person,Executive
846,"Max Tegmark",person,Academic
1541,"Mayo Clinic",organization,Deployers & Platforms
1333,"McGill AI Lab",organization,Frontier Lab
1331,"McGill Centre for Intelligent Machines",organization,Academic
1332,"McGill Collaborative for AI and Society",organization,Academic
1116,"McGill University",organization,Academic
378,"Meaning Alignment Institute",organization,AI Safety/Alignment
406,"Median Group",organization,AI Safety/Alignment
1779,"Megan Shahi",person,Organizer
1546,"Meg Sintzel",person,Executive
1773,"Meia Chita-Tegmark",person,Organizer
1456,"Melania Trump",person,Cultural figure
716,"Melissa Bean",person,Policymaker
881,"Melissa Heikkilä",person,Journalist
1698,"Melissa Holyoak",person,Policymaker
1540,"Menlo Ventures",organization,VC/Capital/Philanthropy
194,"Mentorship for Alignment Research Students (MARS)",organization,Academic
1369,"Meredith Stiehm",person,Organizer
95,"Meredith Whittaker",person,Organizer
363,"Meridian Cambridge",organization,Academic
1043,"Meta",organization,Deployers & Platforms
204,"Meta AI",organization,Frontier Lab
164,"Meta Charity Funders",organization,VC/Capital/Philanthropy
381,"Metaculus",organization,Think Tank/Policy Org
1607,"Metaplanet",organization,VC/Capital/Philanthropy
792,"Mfikeyi Makayi",person,Executive
1246,"MGX investment group",organization,VC/Capital/Philanthropy
1098,"Michael Genesereth",person,Academic
1341,"Michael J. Berry",person,Academic
27,"Michael Kratsios",person,Policymaker
1800,"Michael Littman",person,Academic
83,"Michael McCaul",person,Policymaker
1613,"Michael Osborne",person,Academic
1672,"Michael P. Wellman",person,Academic
23,"Michel Justen",person,Journalist
1042,"Microsoft",organization,Deployers & Platforms
1069,"Microsoft Research",organization,Frontier Lab
741,"Midjourney",organization,Deployers & Platforms
108,"Mike Braun",person,Policymaker
1305,"Mike Johnson",person,Policymaker
19,"Mike Krieger",person,Executive
68,"Mike Rounds",person,Policymaker
1053,"Mila",organization,Academic
66,"Milagros Miceli",person,Researcher
1113,"Mila - Quebec Artificial Intelligence Institute",organization,Academic
563,"Miles's Substack",resource,
1728,"Miles Tidmarsh",person,Researcher
902,"Mira Murati",person,Executive
213,"Mistral AI",organization,Frontier Lab
601,"MIT AI Risk Repository",resource,
235,"MIT Algorithmic Alignment Group",organization,Academic
1362,"MIT Computer Science & Artificial Intelligence Laboratory",organization,Academic
947,"MIT CSAIL",organization,Academic
1130,"MIT Data to AI Lab",organization,Academic
803,"Mitesh Khapra",person,Academic
247,"MIT FutureTech",organization,Academic
948,"MIT GOV/LAB",organization,Academic
1361,"MIT Jameel Clinic",organization,Academic
949,"MIT Media Lab",organization,Academic
1132,"MIT Schwarzman College of Computing",organization,Academic
946,"MIT Shaping the Future of Work",organization,Academic
1050,"MIT Sloan",organization,Academic
690,"MIT study finds AI can already replace 11.7% of U.S. ...",resource,
864,"MIT Technology Review",organization,Media/Journalism
369,"ML4Good Laboratory - New York University",organization,Academic
424,"ML & AI Safety Updates",organization,Media/Journalism
415,"ML Alignment & Theory Scholars (MATS)",organization,AI Safety/Alignment
580,"ML Safety Newsletter",resource,
748,"Mobileye",organization,Deployers & Platforms
1359,"Model Evaluation and Threat Research",organization,AI Safety/Alignment
356,"Model Evaluation & Threat Research (METR)",organization,AI Safety/Alignment
147,"Modeling Cooperation",organization,AI Safety/Alignment
1339,"Mohammed bin Salman",person,Executive
1844,"Molly Crabapple",person,Cultural figure
1373,"Molly Kinder",person,Researcher
303,"Mox",organization,AI Safety/Alignment
873,"Mozilla Foundation",organization,Ethics/Bias/Rights
1374,"Munich Security Conference",organization,Think Tank/Policy Org
1365,"Mustafa Suleyman",person,Executive
165,"Mythos Ventures",organization,VC/Capital/Philanthropy
941,"Naomi Klein",person,Cultural figure
184,"Narrow Path (by ControlAI)",organization,AI Safety/Alignment
1296,"NASA Ames Research Center",organization,Government/Agency
783,"Natasha Lyonne",person,Cultural figure
999,"Nate Soares",person,Researcher
1508,"Nate Thomas",person,Executive
773,"Nat Friedman",person,Investor
983,"Nathaniel Persily",person,Academic
894,"Nathaniel Whittemore",person,Journalist
889,"Nathan Lambert",person,Researcher
1437,"National Artificial Intelligence Advisory Commission",organization,Government/Agency
1488,"National Artificial Intelligence Initiative Office",organization,Government/Agency
1064,"National Bureau of Economic Research (NBER)",organization,Academic
1340,"National Infrastructure Fund",organization,Infrastructure & Compute
1309,"National Institute of Standards and Technology",organization,Government/Agency
1707,"National Institutes of Health",organization,Government/Agency
1118,"National Republican Senatorial Committee",organization,Political Campaign/PAC
1790,"National Security Council (NSC)",organization,Government/Agency
1011,"Naval Ravikant",person,Investor
795,"Navrina Singh",person,Executive
1820,"Ned Finkle",person,Executive
1141,"Neil Lawrence",person,Academic
972,"Neil Thompson",person,Academic
1379,"Neuralink",organization,Infrastructure & Compute
403,"Neuronpedia",organization,AI Safety/Alignment
223,"New Consensus",organization,Think Tank/Policy Org
636,"New Consensus AI platform",resource,
1030,"New York State Assembly",organization,Government/Agency
1026,"New York University",organization,Academic
1561,"Nicholas Emery-Xu",person,Researcher
1705,"Nicholas Jitkoff",person,Executive
1551,"NicholasKees",person,Researcher
1757,"Nick Beckstead",person,Organizer
847,"Nick Bostrom",person,Researcher
1808,"Nick Frosst",person,Executive
1502,"Nick Winter",person,Executive
1778,"Nicole Alvarez",person,Organizer
1614,"Nikki Sun",person,Researcher
1537,"Nik Samoylov",person,Researcher
1837,"Nilay Patel",person,Journalist
1298,"Nimar Arora",person,Executive
1356,"Niskanen Center",organization,Think Tank/Policy Org
550,"NIST AI Risk Management Framework",resource,
885,"Nitasha Tiku",person,Journalist
991,"Noam Chomsky",person,Academic
767,"NoHarm",organization,Ethics/Bias/Rights
400,"Nonlinear",organization,AI Safety/Alignment
416,"Non-Trivial",organization,Academic
1681,"Nora Ammann",person,Researcher
910,"NTIA",organization,Government/Agency
728,"Nvidia",organization,Infrastructure & Compute
1164,"NYS Office of Information Technology Services",organization,Government/Agency
216,"NYU Alignment Research Group (ARG)",organization,Academic
1234,"NYU School of Medicine",organization,Academic
564,"Obsolete",resource,
314,"Odyssean Institute",organization,Think Tank/Policy Org
1336,"OECD",organization,Government/Agency
1295,"Office of Management and Budget",organization,Government/Agency
1038,"Office of the Governor of Indiana",organization,Government/Agency
1165,"Ohio Department of Job and Family Services",organization,Government/Agency
1137,"Olga Troyanskaya",person,Academic
1714,"Oliver Zhang",person,Organizer
1679,"Ondřej Havlíček",person,Researcher
646,"On the Responsible Scaling of AI",resource,
140,"OpenAI",organization,Frontier Lab
201,"OpenBook",organization,VC/Capital/Philanthropy
730,"Open Machine",organization,AI Safety/Alignment
659,"Open Problems in Technical AI Governance",resource,
908,"ORCAA",organization,Ethics/Bias/Rights
440,"Orion AI Governance Initiative (Arcadia Impact)",organization,Academic
1533,"Otto Barten",person,Organizer
379,"Ought",organization,AI Safety/Alignment
168,"Oxford Martin AI Governance Initiative",organization,Academic
1618,"Oxford Martin School",organization,Think Tank/Policy Org
1587,"Pablo Villalobos",person,Researcher
1073,"Palantir",organization,Deployers & Platforms
272,"Palisade Research",organization,AI Safety/Alignment
1008,"Palmer Luckey",person,Executive
1304,"Pam Bondi",person,Policymaker
1560,"Paolo Bova",person,Researcher
882,"Parmy Olson",person,Journalist
132,"Partnership on AI",organization,Ethics/Bias/Rights
441,"Pathfinder Fellowship (Kairos)",organization,Academic
1459,"Pathos Consulting Group",organization,Ethics/Bias/Rights
1749,"Patrick Collison",person,Executive
30,"Paul Christiano",person,Researcher
565,"Paul Christiano's Blog",resource,
1763,"Paul Scharre",person,Executive
270,"PauseAI",organization,Labor/Civil Society
401,"Pause House",organization,AI Safety/Alignment
402,"PEAKS",organization,AI Safety/Alignment
789,"Peggy Johnson",person,Executive
1227,"People + AI Research",organization,Academic
837,"Percy Liang",person,Academic
1221,"Perplexity AI",organization,Deployers & Platforms
40,"Pete Buttigieg",person,Policymaker
1819,"Peter DeSantis",person,Executive
1576,"Peter Eckersley",person,Organizer
1505,"Peter Favaloro",person,Organizer
723,"Pete Ricketts",person,Policymaker
1233,"Peter Lee",person,Executive
1648,"Peter McIntyre",person,Executive
1094,"Peter Norvig",person,Academic
38,"Peter Thiel",person,Investor
1415,"Peter Welch",person,Policymaker
1683,"Peter Wildeford",person,Executive
1398,"Philipp Hennig",person,Academic
418,"PIBBSS Fellowship (Principles of Intelligent Behavior in Biological and Social Systems)",organization,Academic
1212,"Pierre Boivin",person,Executive
1743,"Pieter Abbeel",person,Academic
1604,"Piramidal",organization,Deployers & Platforms
417,"Pivotal Research Fellowship",organization,Academic
566,"Planned Obsolescence",resource,
648,"Platformer",resource,
1060,"Platformer",organization,Media/Journalism
1730,"Players Philanthropy Fund, Inc.",organization,VC/Capital/Philanthropy
813,"Plural",organization,VC/Capital/Philanthropy
959,"Plurality Institute",organization,Think Tank/Policy Org
1209,"Polytechnique Montréal",organization,Academic
754,"Pony.ai",organization,Deployers & Platforms
622,"Power and Progress",resource,
1473,"Pramila Jayapal",person,Policymaker
1290,"Prasanna (Sonny) Tambe",person,Academic
339,"Preamble Windfall Foundation",organization,VC/Capital/Philanthropy
1791,"President's Council of Advisors on Science and Technology (PCAST)",organization,Government/Agency
1584,"Princeton AI Lab",organization,Academic
950,"Princeton CITP",organization,Academic
1022,"Princeton University",organization,Academic
798,"Priya Donti",person,Academic
317,"Probably Good",organization,Labor/Civil Society
1687,"Protocol Labs",organization,VC/Capital/Philanthropy
540,"Public AI",organization,Think Tank/Policy Org
344,"Public AI Network",organization,Think Tank/Policy Org
1439,"Public First Action",organization,Political Campaign/PAC
1516,"Public Interest Technology University Network",organization,Academic
1338,"Public Investment Fund",organization,VC/Capital/Philanthropy
1463,"Pulitzer Center",organization,Media/Journalism
737,"Qualcomm",organization,Infrastructure & Compute
1180,"Quantexa",organization,Deployers & Platforms
357,"Quantified Uncertainty Research Institute (QURI)",organization,AI Safety/Alignment
1462,"Quartz",organization,Media/Journalism
1018,"QuitGPT",organization,Labor/Civil Society
1746,"Rachel Freedman",person,Researcher
1795,"Radha Plumb",person,Policymaker
1542,"Radical AI",organization,Deployers & Platforms
960,"RadicalxChange",organization,Think Tank/Policy Org
608,"RAISE Act",resource,
178,"RAISEimpact",organization,AI Safety/Alignment
971,"Ramin Toloui",person,Academic
1571,"RAND Center on AI, Security, and Technology",organization,Think Tank/Policy Org
152,"RAND Corporation",organization,Think Tank/Policy Org
105,"Randi Weingarten",person,Organizer
611,"Rational Animations",resource,
1677,"Raymond Douglas",person,Researcher
1324,"Real Ventures",organization,VC/Capital/Philanthropy
897,"Rebecca Finlay",person,Organizer
1534,"Rebecca Scholefield",person,Researcher
623,"Recoding America",resource,
743,"Reddit",organization,Media/Journalism
832,"Rediet Abebe",person,Academic
129,"Redwood Research",organization,AI Safety/Alignment
1838,"Reed Albergotti",person,Journalist
784,"Refik Anadol",person,Cultural figure
31,"Regina Barzilay",person,Academic
848,"Reid Hoffman",person,Investor
828,"Remco Zwetsloot",person,Researcher
1669,"Remmelt Ellen",person,Organizer
1686,"Renan Araujo",person,Organizer
780,"Rene Haas",person,Executive
776,"Ren Zhengfei",person,Executive
1039,"Republican Party",organization,Political Campaign/PAC
1111,"Responsible AI Initiative",organization,AI Safety/Alignment
312,"Rethink Priorities",organization,Think Tank/Policy Org
305,"Rethink Wellbeing",organization,AI Safety/Alignment
1829,"Reuters",organization,Media/Journalism
1801,"Reva Schwartz",person,Researcher
80,"Richard Blumenthal",person,Policymaker
1197,"Richard M. Locke",person,Academic
1545,"Richard Phillips",person,Executive
1193,"Richard Zemel",person,Academic
787,"Rick Rubin",person,Cultural figure
602,"RiesgosIA.org",resource,
567,"Rising Tide",resource,
1694,"Robert Huben",person,Researcher
1195,"Robert J. Jones",person,Academic
1668,"Robert Kralisch",person,Organizer
1353,"Robert Long",person,Researcher
1255,"Robert M. Groves",person,Academic
612,"Robert Miles",resource,
1200,"Roberto Rigobon",person,Academic
1559,"Robert Trager",person,Academic
1700,"Rob Fergus",person,Researcher
1248,"Rob Goldstein",person,Executive
1501,"Rob Jenks",person,Executive
1414,"Rob Portman",person,Policymaker
1489,"Rodney Brooks",person,Academic
1548,"Roger Grosse",person,Academic
1412,"Roger Wicker",person,Policymaker
840,"Rohin Shah",person,Researcher
1621,"Rokas Gipiškis",person,Researcher
37,"Ro Khanna",person,Policymaker
326,"Roman Yampolskiy",person,Academic
1396,"Romeo Dean",person,Researcher
1167,"Ron DeSantis",person,Policymaker
1005,"Ron Wyden",person,Policymaker
956,"Roosevelt Institute",organization,Think Tank/Policy Org
1593,"Ruairí Donnelly",person,Investor
1218,"Rubina Fillion",person,Journalist
1633,"Rudolf Laine",person,Executive
925,"Ruha Benjamin",person,Academic
844,"Rumman Chowdhury",person,Researcher
980,"Ryan Calo",person,Academic
1510,"Ryan Greenblatt",person,Researcher
1644,"Saad Siddiqui",person,Researcher
634,"Sacks federal preemption EO (Dec 2025)",resource,
179,"Safe AI Forum",organization,AI Safety/Alignment
171,"SaferAI",organization,Think Tank/Policy Org
181,"Safe Superintelligence Inc.",organization,Frontier Lab
995,"Saffron Huang",person,Researcher
924,"Safiya Noble",person,Academic
210,"SAG-AFTRA",organization,Labor/Civil Society
1144,"Saïd Business School",organization,Academic
39,"Saikat Chakrabarti",person,Policymaker
760,"Sakana AI",organization,Frontier Lab
745,"Salesforce",organization,Deployers & Platforms
18,"Sam Altman",person,Executive
997,"Samantha Bradshaw",person,Academic
751,"Samaya AI",organization,AI Safety/Alignment
1733,"Sam Bowman",person,Researcher
858,"Sam Lessin",person,Investor
1798,"Sam McCandlish",person,Researcher
793,"Sam Rodriques",person,Executive
1535,"Samuel Martin",person,Researcher
58,"Sandy Pentland",person,Academic
1135,"Sanjeev Arora",person,Academic
1719,"Santiago Rodriguez",person,Investor
1543,"Sarah Friar",person,Executive
923,"Sarah Myers West",person,Researcher
1001,"Satya Nadella",person,Executive
358,"Saving Humanity from Homo Sapiens (SHfHS)",organization,VC/Capital/Philanthropy
57,"Sayash Kapoor",person,Academic
640,"SB 1047 (CA, vetoed)",resource,
594,"SB 53 (CA)",resource,
738,"Scale AI",organization,Deployers & Platforms
1806,"Scaling Laws for Neural Language Models",resource,
814,"Schmidt Futures",organization,VC/Capital/Philanthropy
288,"Science of Trustworthy AI (Schmidt Sciences)",organization,VC/Capital/Philanthropy
1741,"Scott Aaronson",person,Academic
1393,"Scott Alexander",person,Researcher
1256,"Scott Strobel",person,Academic
91,"Scott Wiener",person,Policymaker
1756,"Scott Wisor",person,Organizer
1457,"Sean McGarvey",person,Organizer
843,"Seán Ó hÉigeartaigh",person,Researcher
1826,"Sean White",person,Executive
1297,"Sebastian Thrun",person,Academic
222,"Secure AI Project",organization,Think Tank/Policy Org
629,"Secure AI Project bills tracker",resource,
637,"Secure AI Project state bill tracker",resource,
1628,"SecureBio",organization,Think Tank/Policy Org
1830,"Semafor",organization,Media/Journalism
1408,"Senate AI Caucus",organization,Government/Agency
166,"Senate AI Working Group",organization,Government/Agency
232,"Senate Commerce Committee (AI jurisdiction)",organization,Government/Agency
1107,"Senate Commerce, Science, and Transportation Committee",organization,Government/Agency
1148,"Senate Committee on Commerce, Science and Transportation",organization,Government/Agency
1427,"Senate Committee on Homeland Security and Governmental Affairs",organization,Government/Agency
694,"Senate Judiciary written testimony - Helen Toner 2024-09-17",resource,
1448,"Seoul National University",organization,Academic
807,"Sequoia Capital",organization,VC/Capital/Philanthropy
1570,"SERI-MATS",organization,AI Safety/Alignment
1701,"Serkan Piantino",person,Executive
1321,"ServiceNow",organization,Deployers & Platforms
853,"Seth Rosenberg",person,Investor
834,"Shakir Mohamed",person,Researcher
943,"Shalini Kantayya",person,Cultural figure
1364,"Shane Legg",person,Executive
1424,"Shelley Moore Capito",person,Policymaker
1847,"Sherry Turkle",person,Academic
764,"Shield AI",organization,Deployers & Platforms
1839,"Shirin Ghaffary",person,Journalist
978,"Shoshana Zuboff",person,Academic
1747,"Sid Black",person,Researcher
1842,"Sigal Samuel",person,Journalist
1054,"Signal",organization,Ethics/Bias/Rights
613,"Siliconversations",resource,
1625,"Siméon Campos",person,Organizer
390,"Simon Institute for Longterm Governance",organization,Think Tank/Policy Org
26,"Simon Johnson",person,Academic
380,"Simplex",organization,AI Safety/Alignment
1198,"Sinan Aral",person,Academic
306,"Singapore AI Safety Hub",organization,AI Safety/Alignment
1326,"Singapore Management University",organization,Academic
544,"Situational Awareness",resource,
811,"Slow Ventures",organization,VC/Capital/Philanthropy
1419,"Small Business Administration",organization,Government/Agency
895,"Sneha Revanur",person,Organizer
1206,"Social Media Victims Law Center",organization,Labor/Civil Society
744,"SoftBank",organization,VC/Capital/Philanthropy
148,"Softmax",organization,AI Safety/Alignment
679,"Some Talent Needs in AI Governance",resource,
852,"Sonya Huang",person,Investor
1712,"Søren Elverlin",person,Organizer
1377,"SpaceX",organization,Infrastructure & Compute
1108,"Special Competitive Studies Project",organization,Think Tank/Policy Org
614,"Species",resource,
1271,"Speed School of Engineering",organization,Academic
1168,"Spencer Cox",person,Policymaker
763,"Splice",organization,Deployers & Platforms
85,"Sriram Krishnan",person,Policymaker
1402,"Stability AI",organization,Frontier Lab
1578,"Stacey Svetlichnaya",person,Executive
1127,"Stanford Artificial Intelligence Laboratory (SAIL)",organization,Academic
1128,"Stanford Center for AI Safety",organization,AI Safety/Alignment
819,"Stanford CRFM",organization,Academic
944,"Stanford Digital Economy Lab",organization,Academic
452,"Stanford HAI",organization,Academic
1300,"Stanford Law School",organization,Academic
542,"Stanford RegLab",organization,Academic
945,"Stanford SIEPR",organization,Academic
1019,"Stanford University",organization,Academic
1383,"Stanford Vision and Learning Lab",organization,Academic
549,"Statement on AI Risk",resource,
1033,"State of California",organization,Government/Agency
1035,"State of Colorado",organization,Government/Agency
1036,"State of New York",organization,Government/Agency
1037,"State of Ohio",organization,Government/Agency
1034,"State of Texas",organization,Government/Agency
934,"Stefano Mazzocchi",person,Policymaker
1513,"Stefan Torges",person,Organizer
1849,"Stephen Clare",person,Researcher
328,"Steve Byrnes's Brain-Like AGI Safety",organization,AI Safety/Alignment
777,"Steve Huffman",person,Executive
1567,"Steve Omohundro",person,Researcher
1154,"Steve Padilla",person,Policymaker
1306,"Steve Scalise",person,Policymaker
551,"Stochastic Parrots Paper",resource,
1447,"Stony Brook University",organization,Academic
426,"Stop AGI",organization,Labor/Civil Society
254,"Stop AI",organization,Labor/Civil Society
1072,"Stripe",organization,Deployers & Platforms
770,"Strive Masiyiwa",person,Executive
1,"Stuart Russell",person,Academic
1848,"Submit Test XYZ",person,
320,"Successif",organization,Labor/Civil Society
88,"Suhas Subramanyam",person,Policymaker
1474,"Summer Lee",person,Policymaker
1000,"Sundar Pichai",person,Executive
1494,"SUNY",organization,Academic
1089,"SUNY Albany",organization,Academic
647,"Superintelligence: Paths, Dangers, Strategies",resource,
340,"Superlinear Prizes",organization,VC/Capital/Philanthropy
196,"Supervised Program for Alignment Research (SPAR)",organization,Academic
120,"Suresh Venkatasubramanian",person,Academic
761,"Surge AI",organization,Deployers & Platforms
255,"Survival and Flourishing Fund",organization,VC/Capital/Philanthropy
1731,"Survival & Flourishing Fund",organization,VC/Capital/Philanthropy
973,"Susan Athey",person,Academic
1652,"SV Angel",organization,VC/Capital/Philanthropy
1554,"Sven Herrmann",person,Researcher
1818,"Swami Sivasubramanian",person,Executive
1202,"Swati Gupta",person,Academic
961,"Taiwan Ministry of Digital Affairs",organization,Government/Agency
370,"Talos Fellowship (Talos Network)",organization,Think Tank/Policy Org
1586,"Tamay Besiroglu",person,Researcher
1671,"Tan Zhi Xuan",person,Academic
136,"Tarbell Center for AI Journalism",organization,Media/Journalism
791,"Tareq Amin",person,Executive
1817,"Tarun Chhabra",person,Executive
263,"Team Shard",organization,AI Safety/Alignment
1207,"Tech Justice Law Project",organization,Labor/Civil Society
442,"Technical Alignment Research Accelerator (TARA)",organization,Academic
1406,"Technische Universität Berlin",organization,Academic
626,"Techno-Optimist Manifesto",resource,
1301,"Ted Budd",person,Policymaker
937,"Ted Chiang",person,Cultural figure
82,"Ted Cruz",person,Policymaker
112,"Ted Lieu",person,Policymaker
1381,"Tejas N. Narechania",person,Academic
1071,"Tesla",organization,Deployers & Platforms
655,"The Adolescence of Technology",resource,
545,"The AI Index Report 2024",resource,
296,"The AI Policy Network",organization,Think Tank/Policy Org
586,"The AI Policy Podcast",resource,
615,"The AI Risk Network",resource,
362,"The AI Whistleblower Initiative (AIWI)",organization,Labor/Civil Society
552,"The Alignment Problem",resource,
301,"The Alliance for Secure AI Action",organization,AI Safety/Alignment
1410,"The American Scholar",organization,Media/Journalism
682,"The Annual AI Governance Report 2025",resource,
683,"The Annual AI Governance Report 2025: Steering the Future of AI",resource,
678,"The Assistant Axis: Situating and Stabilizing the Character of LLMs",resource,
568,"The Building Capacity Blog",resource,
587,"The Cognitive Revolution",resource,
407,"The Compendium",organization,AI Safety/Alignment
1736,"The Department of Linguistics",organization,Academic
621,"The Entrepreneurial State",resource,
661,"The Federal AI Preemption Push: President Trump signs the Executive Order titled “Ensuring a National Policy Framework for Artificial Intelligence”",resource,
696,"The Federal AI Preemption Push: President Trump Signs The Executive Order Titled ""Ensuring A National Policy Framework For Artificial Intelligence"" - New Technology - United States",resource,
392,"The Future Society",organization,Think Tank/Policy Org
1524,"The Hastings Center",organization,Think Tank/Policy Org
1678,"Theia Vogel",person,Researcher
627,"The Internet Con",resource,
1478,"The Leadership Conference on Civil and Human Rights",organization,Ethics/Bias/Rights
617,"The Left is Missing Out on AI",resource,
304,"The Midas Project",organization,AI Safety/Alignment
266,"The Navigation Fund",organization,VC/Capital/Philanthropy
1059,"The New York Times",organization,Media/Journalism
1277,"Thenkurussi (Kesh) Kesavadas",person,Academic
1609,"The Operating Group",organization,VC/Capital/Philanthropy
677,"The Persona Selection Model: Why AI Assistants Might Behave Like Humans",resource,
569,"The Power Law",resource,
644,"The Precipice: Existential Risk and the Future of Humanity",resource,
1139,"The Princeton Laboratory for Artificial Intelligence",organization,Academic
651,"The Simple Macroeconomics of AI",resource,
645,"The Urgency of Interpretability",resource,
175,"The Verge",organization,Media/Journalism
868,"The Washington Post",organization,Media/Journalism
936,"Thierry Breton",person,Policymaker
709,"Think Big",organization,Political Campaign/PAC
876,"Thinking Machines Lab",organization,Frontier Lab
1394,"Thomas Larsen",person,Researcher
1153,"Thomas Umberg",person,Policymaker
1758,"Thomas Woodside",person,Organizer
1466,"Thom Tillis",person,Policymaker
1598,"Thore Graepel",person,Researcher
570,"Threading the Needle",resource,
243,"Thrive Capital",organization,VC/Capital/Philanthropy
1404,"Thrive Holdings",organization,VC/Capital/Philanthropy
1403,"TikTok",organization,Deployers & Platforms
182,"Timaeus",organization,AI Safety/Alignment
460,"Time (AI coverage)",organization,Media/Journalism
276,"TIME Magazine",organization,Media/Journalism
35,"Timnit Gebru",person,Organizer
1724,"Timothée Lacroix",person,Researcher
101,"Tim Wu",person,Academic
841,"Toby Ord",person,Academic
73,"Todd Young",person,Policymaker
1661,"Tolga Bilge",person,Researcher
1526,"Tom Brown",person,Researcher
1099,"Tom Cotton",person,Policymaker
1590,"Tom Davidson",person,Researcher
1495,"Tom DiNapoli",person,Policymaker
1575,"Tomek Korbak",person,Researcher
1138,"Tom Griffiths",person,Academic
43,"Tom Kalil",person,Executive
1777,"Tommy Shaffer Shane",person,Organizer
718,"Tom Sell",person,Policymaker
750,"Tools for Humanity",organization,Deployers & Platforms
681,"Toward A National AI Framework: The Federal Strategy To Override State Regulation - New Technology - United States",resource,
1453,"Trail of Bits",organization,AI Safety/Alignment
1805,"Training Language Models to Follow Instructions with Human Feedback",resource,
180,"Trajectory Labs",organization,AI Safety/Alignment
705,"Transcript: Joint Hearing on “Artificial Intelligence and Its Potential to Fuel Economic Growth and Improve Governance” | TechPolicy.Press",resource,
701,"Transcript: Senate Judiciary Subcommittee Hosts Hearing on Oversight of AI: Insiders’ Perspectives | TechPolicy.Press",resource,
692,"Transcript: US House Subcommittee Hosts Hearing on ""AI ...",resource,
673,"Transcript: US Senate Subcommittee Hearing on ""Protecting Consumers from Artificial Intelligence Enabled Fraud and Scams"" | TechPolicy.Press",resource,
277,"Transformative Futures Institute",organization,Think Tank/Policy Org
581,"Transformer",resource,
237,"Transformer (newsletter)",organization,Media/Journalism
271,"Transluce",organization,AI Safety/Alignment
1311,"Trevor Darrell",person,Academic
1512,"Tristan Cook",person,Executive
1002,"Tristan Harris",person,Organizer
1169,"Trump administration",organization,Government/Agency
633,"Trump AI Action Plan (July 2025)",resource,
657,"Trump Attempts to Preempt State AI Regulation Through Executive Order",resource,
658,"Trump signs executive order blocking states from enforcing their own regulations around AI | CNN Business",resource,
1392,"Trust::Data Alliance",organization,AI Safety/Alignment
170,"TruthfulAI",organization,AI Safety/Alignment
762,"Tryolabs",organization,Deployers & Platforms
238,"Tsinghua University (Institute for AI International Governance & Center for AI Governance)",organization,Academic
740,"TSMC",organization,Infrastructure & Compute
1092,"Tulane University",organization,Academic
1025,"UC Berkeley",organization,Academic
391,"UChicago Existential Risk Laboratory (XLab)",organization,Academic
1085,"UCLA",organization,Academic
533,"UK AI Security Institute",organization,Government/Agency
1360,"UK government's Frontier AI Taskforce",organization,Government/Agency
1260,"UNESCO",organization,Government/Agency
1081,"United Nations",organization,Government/Agency
1027,"United States Senate",organization,Government/Agency
747,"Unitree Robotics",organization,Deployers & Platforms
1407,"Universidad de Buenos Aires",organization,Academic
1112,"Université de Montréal",organization,Academic
1493,"University at Buffalo",organization,Academic
1046,"University College London",organization,Academic
1485,"University of California, Los Angeles",organization,Academic
1096,"University of California, San Francisco",organization,Academic
1023,"University of Cambridge",organization,Academic
1087,"University of Louisville",organization,Academic
1656,"University of Melbourne",organization,Academic
1084,"University of Michigan",organization,Academic
1178,"University of North Carolina system",organization,Academic
1372,"University of Notre Dame",organization,Academic
1024,"University of Oxford",organization,Academic
1285,"University of Pennsylvania",organization,Academic
1252,"University of Pittsburgh",organization,Academic
1486,"University of Tennessee",organization,Academic
1077,"University of Toronto",organization,Academic
1397,"University of Tuebingen",organization,Academic
1314,"University of Utah",organization,Academic
1044,"University of Virginia",organization,Academic
1049,"University of Washington",organization,Academic
1454,"UNSG's AI Advisory Body",organization,Think Tank/Policy Org
259,"Upgradable",organization,Labor/Civil Society
1629,"US AI Safety Institute Consortium",organization,Government/Agency
1241,"U.S. Army",organization,Government/Agency
1358,"U.S. Artificial Intelligence Safety Institute",organization,Government/Agency
1090,"USC",organization,Academic
1278,"USC Center for AI in Society",organization,Academic
1281,"USC Marshall School of Business",organization,Academic
1283,"USC School of Advanced Computing",organization,Academic
1279,"USC Suzanne Dworak-Peck School of Social Work",organization,Academic
1280,"USC Viterbi School of Engineering",organization,Academic
1438,"U.S. Department of Labor",organization,Government/Agency
1157,"U.S. Department of State",organization,Government/Agency
1093,"U.S. Department of Transportation",organization,Government/Agency
1028,"U.S. House of Representatives",organization,Government/Agency
1185,"U.S. National Science Foundation",organization,Government/Agency
1428,"U.S. Senate Commerce Committee",organization,Government/Agency
671,"US Senate Hearing On 'Examining the Harm of AI Chatbots'",resource,
1172,"UVA Information Technology Services",organization,Academic
953,"UW Tech Policy Lab",organization,Academic
714,"Valerie Foushee",person,Policymaker
1211,"Valérie Pisano",person,Executive
1498,"Valerie Wirtschafter",person,Researcher
676,"Values in the Wild",resource,
1045,"Vanderbilt University",organization,Academic
899,"Veena Dubal",person,Academic
571,"Victoria Krakovna's Blog",resource,
1771,"Viktoriya Krakovna",person,Researcher
1674,"Vincent Conitzer",person,Academic
849,"Vinod Khosla",person,Investor
927,"Virginia Eubanks",person,Academic
1606,"Vishal Maini",person,Investor
393,"Vista Institute for AI Policy",organization,Think Tank/Policy Org
1764,"Vivek Chilukuri",person,Researcher
869,"Vox Media",organization,Media/Journalism
1409,"Wall Street Journal",organization,Media/Journalism
1014,"Walter Isaacson",person,Cultural figure
1568,"Walter Laurito",person,Researcher
781,"Wang Xingxing",person,Executive
1405,"Weizenbaum Institute",organization,Academic
1091,"Wharton School",organization,Academic
395,"WhiteBox Research",organization,AI Safety/Alignment
1031,"White House",organization,Government/Agency
674,"White House Issues ""One Rule"" Executive Order To Curb State AI Regulation - New Technology - United States",resource,
345,"White House Office of Science and Technology Policy (OSTP)",organization,Government/Agency
546,"Why AI Will Save the World",resource,
1667,"Wichita State University",organization,Academic
765,"Wild Dolphin Project",organization,Academic
1515,"William and Flora Hewlett Foundation",organization,VC/Capital/Philanthropy
1342,"William Bialek",person,Academic
1156,"William Kimmitt",person,Policymaker
1658,"William MacAskill",person,Researcher
879,"Will Knight",person,Journalist
957,"Windfall Trust",organization,Think Tank/Policy Org
863,"Wired",organization,Media/Journalism
981,"Woodrow Hartzog",person,Academic
1242,"Workera",organization,Deployers & Platforms
174,"Workshop Labs",organization,AI Safety/Alignment
1068,"World Economic Forum",organization,Think Tank/Policy Org
769,"World Labs",organization,Frontier Lab
135,"Writers Guild of America",organization,Labor/Civil Society
1378,"X",organization,Deployers & Platforms
177,"xAI",organization,Frontier Lab
1257,"Yale Center for Research Computing",organization,Infrastructure & Compute
1532,"Yale Law School",organization,Academic
1080,"Yale University",organization,Academic
92,"Yann LeCun",person,Researcher
241,"Y Combinator",organization,VC/Capital/Philanthropy
102,"Yejin Choi",person,Academic
1310,"Ylli Bajraktari",person,Executive
845,"Yolanda Gil",person,Academic
29,"Yoshua Bengio",person,Academic
1226,"Yossi Matias",person,Executive
938,"Yuval Noah Harari",person,Cultural figure
1472,"Yvette Clarke",person,Policymaker
1217,"Zach Seward",person,Executive
987,"Zeynep Tufekci",person,Academic
1500,"Zico Kolter",person,Academic
1531,"Zoë Hitzig",person,Researcher
84,"Zoe Lofgren",person,Policymaker
1685,"Zoe Williams",person,Executive
1581,"Zoey Tseng",person,Organizer
890,"Zvi Mowshowitz",person,Researcher
654,"Zvi Mowshowitz AI Newsletter",resource,